traj,method,lag,tve,TVE_fraction,TVE_percent,complex_rmse,angle_rmse,vm_rmse,re_rmse,im_rmse,p95_tve,worst_bus
TEST_1,B0_NOMINAL,0,0.0004161818655405512,0.0004161818655405512,0.041618186554055116,0.0005952294531422616,0.03328445883890938,2.833708823813428e-06,6.878090171147899e-05,0.0005912421580433787,0.0012152637292329087,22
TEST_1,B1_SNAPSHOT_WLS,0,3.1440835466456974e-06,3.1440835466456974e-06,0.00031440835466456976,1.5406403583795718e-05,0.0008632525811836056,2.6554178685469275e-06,3.3440482919871763e-06,1.5039102779343295e-05,1.7428023912344967e-05,26
TEST_1,B2_KALMAN,0,2.1000605413129534e-08,2.1000605413129534e-08,2.1000605413129536e-06,5.8265763333531976e-08,2.2571745907280084e-06,4.265757195735515e-08,4.131535583973312e-08,4.108455365067741e-08,7.230065517587923e-08,26
TEST_10,B0_NOMINAL,0,0.0011029644085816315,0.0011029644085816315,0.11029644085816315,0.001577484277982596,0.08821064611303062,7.507682223749702e-06,0.0001815593145211616,0.0015670012324796936,0.0032206818950642974,22
TEST_10,B1_SNAPSHOT_WLS,0,8.334405285318923e-06,8.334405285318923e-06,0.0008334405285318923,4.0841887021719325e-05,0.0022886476147718202,7.0159951015899256e-06,8.90172187991663e-06,3.985999351564798e-05,4.618993817223057e-05,26
TEST_10,B2_KALMAN,0,9.644188600118558e-08,9.644188600118558e-08,9.644188600118558e-06,3.9680310267480133e-07,1.5898072209511858e-05,2.816659041892958e-07,2.6891425878719894e-07,2.917838647240116e-07,2.4293115380230703e-07,26
TEST_100,B0_NOMINAL,0,0.0017245528734797756,0.0017245528734797756,0.17245528734797755,0.002466505549552411,0.13792313876458343,1.1735602493221378e-05,0.00028286385466924635,0.0024502321656721623,0.0050357230607106125,22
TEST_100,B1_SNAPSHOT_WLS,0,1.3034133911188667e-05,1.3034133911188667e-05,0.0013034133911188667,6.387561167865385e-05,0.0035796549610554442,1.093963767536848e-05,1.3974064467991123e-05,6.232831852028906e-05,7.222398548916154e-05,26
TEST_100,B2_KALMAN,0,2.2259977910684165e-07,2.2259977910684165e-07,2.2259977910684164e-05,9.73821711523385e-07,3.939406748992575e-05,6.846057040169334e-07,6.512451834487959e-07,7.240224008061347e-07,4.3627006312212737e-07,26
TEST_11,B0_NOMINAL,0,0.0031896821312619667,0.0031896821312619667,0.31896821312619666,0.004227809921778029,0.2364838710206284,2.3882641059510163e-05,0.0005009898840034119,0.004198021661546185,0.00802041891780054,1
TEST_11,B1_SNAPSHOT_WLS,0,9.301885133710068e-05,9.301885133710068e-05,0.009301885133710068,0.00014427396150996035,0.007756180986458935,4.824874176366575e-05,4.854609058196396e-05,0.00013586115360538224,0.00028548419921132936,25
TEST_11,B2_KALMAN,0,9.16751769858087e-05,9.16751769858087e-05,0.00916751769858087,0.0001273243445410196,0.0068820017682386095,4.00288636950051e-05,3.846564666339744e-05,0.00012137496751623429,0.0003557640832384598,26
TEST_12,B0_NOMINAL,0,0.0023835202627787593,0.0023835202627787593,0.23835202627787594,0.003124110706714325,0.1747558826063314,1.887082272607763e-05,0.0003691915285454602,0.003102219418909202,0.005839040660762998,1
TEST_12,B1_SNAPSHOT_WLS,0,7.841270751654717e-05,7.841270751654717e-05,0.007841270751654717,0.00011733138272795164,0.006285842817117446,4.032947542792386e-05,4.0200340584480995e-05,0.00011022969649665557,0.00024158044877773213,25
TEST_12,B2_KALMAN,0,7.917710136797913e-05,7.917710136797913e-05,0.007917710136797913,0.00011001267623301619,0.005948065215986621,3.4487024044687435e-05,3.311019818292238e-05,0.00010491188544792266,0.0003064028192432781,26
TEST_13,B0_NOMINAL,0,0.0006455940464885635,0.0006455940464885635,0.06455940464885636,0.0009233397696595289,0.05163191609667347,4.395304402158612e-06,0.0001065531169371967,0.0009171710655629516,0.001885152804311863,22
TEST_13,B1_SNAPSHOT_WLS,0,4.8775818885453275e-06,4.8775818885453275e-06,0.00048775818885453274,2.3901203943551304e-05,0.0013392714183650307,4.114985296323798e-06,5.19507948628928e-06,2.332978137665179e-05,2.7035311574903466e-05,26
TEST_13,B2_KALMAN,0,3.907250013068131e-08,3.907250013068131e-08,3.907250013068131e-06,1.3644910137985092e-07,5.37021316269911e-06,9.85100733231385e-08,9.462010223139289e-08,9.831273326019165e-08,1.271520011872557e-07,26
TEST_14,B0_NOMINAL,0,0.007488342880774083,0.007488342880774083,0.7488342880774084,0.009925397032252708,0.555191361324557,5.610317461216229e-05,0.001201482899141193,0.009852408085890585,0.01882996634464074,1
TEST_14,B1_SNAPSHOT_WLS,0,0.00021840537844967556,0.00021840537844967556,0.021840537844967558,0.00033856006396908986,0.01819327057567506,0.00011366440827582928,0.00011384537167596453,0.0003188450223270166,0.0006704737193105354,25
TEST_14,B2_KALMAN,0,0.0002148185655847192,0.0002148185655847192,0.02148185655847192,0.0002980383153461533,0.016084204015888486,9.508137337886612e-05,9.17451355195996e-05,0.0002835659844249014,0.0008348361449621882,25
TEST_15,B0_NOMINAL,0,0.002449260946157357,0.002449260946157357,0.2449260946157357,0.0031144368558147853,0.17423889092681522,2.3076762663897636e-05,0.00036969124895700216,0.0030924173892445533,0.005555159602299551,1
TEST_15,B1_SNAPSHOT_WLS,0,0.00010731818698978843,0.00010731818698978843,0.010731818698978842,0.00015246719248477442,0.008129129760729168,5.423609055499954e-05,5.3149131149892225e-05,0.0001429035151499109,0.00031370448736515555,25
TEST_15,B2_KALMAN,0,0.0001121377183255592,0.0001121377183255592,0.011213771832555921,0.00015585705923129716,0.008427767596371245,4.880398671242167e-05,4.685693935459889e-05,0.00014864672935032078,0.00043316056366696345,26
TEST_16,B0_NOMINAL,0,0.0011268085468356327,0.0011268085468356327,0.11268085468356327,0.00161158698782109,0.09011761275846603,7.669906979339657e-06,0.0001854587559134223,0.001600880279461678,0.0032903070539121114,22
TEST_16,B1_SNAPSHOT_WLS,0,8.514649951033096e-06,8.514649951033096e-06,0.0008514649951033097,4.172523730755398e-05,0.0023381545315647786,7.166909374783496e-06,9.095556586597288e-06,4.0721815759512754e-05,4.718856676373444e-05,26
TEST_16,B2_KALMAN,0,1.0025259699628238e-07,1.0025259699628238e-07,1.0025259699628238e-05,4.1419460029773064e-07,1.6604398590401935e-05,2.938448503043314e-07,2.804887844003216e-07,3.047674666716033e-07,2.490201925161246e-07,26
TEST_17,B0_NOMINAL,0,0.007098356741062741,0.007098356741062741,0.7098356741062741,0.009408503439653697,0.5262770708908543,5.317839623081503e-05,0.0011366926561972104,0.009339586006848631,0.017849269221810345,1
TEST_17,B1_SNAPSHOT_WLS,0,0.00020702863320204318,0.00020702863320204318,0.020702863320204316,0.0003209408272973645,0.01724713073077319,0.00010771111589589188,0.00010792625526952534,0.0003022497941270002,0.0006355344918777334,25
TEST_17,B2_KALMAN,0,0.00020366345704855333,0.00020366345704855333,0.020366345704855335,0.00028258325885005396,0.015252674866165723,9.001305192383948e-05,8.68248621479397e-05,0.00026891400390330713,0.0007916387306116645,25
TEST_18,B0_NOMINAL,0,0.00603893189167239,0.00603893189167239,0.603893189167239,0.007901493334196395,0.44200190397456235,4.828491594821803e-05,0.0009503279121318346,0.007844136266649964,0.01473461737159815,1
TEST_18,B1_SNAPSHOT_WLS,0,0.00020229803468429047,0.00020229803468429047,0.020229803468429047,0.00030123106142128093,0.01612629266872783,0.00010414688209953267,0.00010348466750141563,0.00028289764219079837,0.0006255405017736329,25
TEST_18,B2_KALMAN,0,0.00020458587964389792,0.00020458587964389792,0.02045858796438979,0.00028402933581563435,0.015342459819099494,8.983998299877376e-05,8.65718329026236e-05,0.00027051429047603127,0.0007970673405758736,25
TEST_19,B0_NOMINAL,0,0.0015522357501998403,0.0015522357501998403,0.15522357501998402,0.0022200497188257597,0.12414178473554371,1.0563761123165755e-05,0.00025485271727402166,0.002205373176257565,0.004532557177018877,22
TEST_19,B1_SNAPSHOT_WLS,0,1.1731071611059052e-05,1.1731071611059052e-05,0.0011731071611059051,5.7488974388707106e-05,0.0032216735037379016,9.854114723315213e-06,1.2563884725501954e-05,5.6099295689604874e-05,6.50065852143517e-05,26
TEST_19,B2_KALMAN,0,1.8203491557242533e-07,1.8203491557242533e-07,1.8203491557242534e-05,7.880986752296615e-07,3.1822677328948437e-05,5.550769658133126e-07,5.284608282804067e-07,5.846611624453381e-07,3.625259550995191e-07,26
TEST_2,B0_NOMINAL,0,0.005766639543918107,0.005766639543918107,0.5766639543918107,0.007643414365020953,0.4275415941039395,4.319340058734622e-05,0.0009173342591054441,0.007588167170831183,0.014500440297354807,1
TEST_2,B1_SNAPSHOT_WLS,0,0.00016818158640342185,0.00016818158640342185,0.016818158640342185,0.0002607646411158111,0.014015157902882802,8.740993670344883e-05,8.770673333846096e-05,0.0002455722439188799,0.0005162426934561851,25
TEST_2,B2_KALMAN,0,0.00016554730332310274,0.00016554730332310274,0.016554730332310273,0.0002297635658164843,0.012408259332585535,7.282813535956052e-05,7.016331691195925e-05,0.00021878849406817055,0.0006456427477238628,25
TEST_20,B0_NOMINAL,0,0.001974366954829,0.001974366954829,0.19743669548290002,0.00261696231636642,0.14637994809802998,1.4780453873667066e-05,0.000308268976316318,0.0025987423888340277,0.004964472998144718,1
TEST_20,B1_SNAPSHOT_WLS,0,5.757535860764149e-05,5.757535860764149e-05,0.005757535860764149,8.931469947472283e-05,0.004802141275650652,2.983611264545645e-05,3.0059773615032726e-05,8.410425406882244e-05,0.00017669217564039583,25
TEST_20,B2_KALMAN,0,5.677862885142804e-05,5.677862885142804e-05,0.005677862885142804,7.888834236669322e-05,0.004265394126847214,2.4721783208808717e-05,2.372525739306129e-05,7.523617961458167e-05,0.0002196975886947773,26
TEST_21,B0_NOMINAL,0,0.003990957431515148,0.003990957431515148,0.3990957431515148,0.005234481375694519,0.2928062610591662,3.149474946843658e-05,0.0006232923127981431,0.005197239841040581,0.009792198706210065,1
TEST_21,B1_SNAPSHOT_WLS,0,0.00013039734711689705,0.00013039734711689705,0.013039734711689704,0.00019543403548159534,0.010470598267791153,6.716020154448976e-05,6.691592589504875e-05,0.000183621134639316,0.00040253456213579903,25
TEST_21,B2_KALMAN,0,0.00013142151721093803,0.00013142151721093803,0.013142151721093804,0.00018252658400487755,0.009864832892667574,5.7437815562282156e-05,5.5237800835201254e-05,0.00017396763844859266,0.0005103650470025626,26
TEST_22,B0_NOMINAL,0,0.00042861695189236245,0.00042861695189236245,0.04286169518923624,0.0006130143559906873,0.03427896585574999,2.9183617002976015e-06,7.083088983388908e-05,0.0006089085199732522,0.0012515745064625588,22
TEST_22,B1_SNAPSHOT_WLS,0,3.238039314423993e-06,3.238039314423993e-06,0.00032380393144239934,1.586681452991076e-05,0.0008890517116086752,2.7346086241691978e-06,3.4442417228702856e-06,1.5488479663318374e-05,1.79487707777038e-05,26
TEST_22,B2_KALMAN,0,2.181631836440044e-08,2.181631836440044e-08,2.181631836440044e-06,6.160825795810031e-08,2.388750994861315e-06,4.50709910179972e-08,4.3622510130956014e-08,4.3504644102744584e-08,7.560778441010978e-08,26
TEST_23,B0_NOMINAL,0,0.007165082668747977,0.007165082668747977,0.7165082668747977,0.00949694310702421,0.531224249117164,5.367879739732086e-05,0.0011477602996075877,0.0094273312593066,0.018017064401063553,1
TEST_23,B1_SNAPSHOT_WLS,0,0.00020897515451697313,0.00020897515451697313,0.020897515451697313,0.00032395554422006453,0.017409024018755666,0.0001087294499263498,0.00010893906910844773,0.00030508928832835656,0.0006415123668345962,25
TEST_23,B2_KALMAN,0,0.0002055722938513017,0.0002055722938513017,0.02055722938513017,0.00028522798052168515,0.015394993989054596,9.087902620856355e-05,8.766534468240581e-05,0.00027142179023467104,0.0007990660775183536,25
TEST_24,B0_NOMINAL,0,0.005678856970685127,0.005678856970685127,0.5678856970685128,0.007375956071639777,0.41261632379543484,4.727325615323209e-05,0.0008861025790763036,0.007322537141600171,0.013604770082492161,1
TEST_24,B1_SNAPSHOT_WLS,0,0.00020474111739181498,0.00020474111739181498,0.020474111739181497,0.0002999208402230168,0.016031303545161833,0.00010487952449592278,0.00010378736803446078,0.0002813906406342609,0.0006267296588407504,25
TEST_24,B2_KALMAN,0,0.00020939994022679419,0.00020939994022679419,0.020939994022679417,0.0002907830787732781,0.015711056426876122,9.17711467948478e-05,8.840217515550952e-05,0.00027701959195811603,0.0008146824667275713,25
TEST_25,B0_NOMINAL,0,0.0013351678955785397,0.0013351678955785397,0.13351678955785395,0.0019095902446412542,0.1067814451656588,9.087346881285475e-06,0.00021948798860006808,0.0018969343492301835,0.003898718187022445,22
TEST_25,B1_SNAPSHOT_WLS,0,1.0089823397147917e-05,1.0089823397147917e-05,0.0010089823397147917,4.94450544082331e-05,0.002770819993106866,8.4842883932211e-06,1.0791872775493265e-05,4.825296765413189e-05,5.59150711133505e-05,26
TEST_25,B2_KALMAN,0,1.3704334865529977e-07,1.3704334865529977e-07,1.3704334865529977e-05,5.822691530743813e-07,2.3439176515443694e-05,4.113837514317257e-07,3.9212565999795456e-07,4.3043563211370625e-07,3.0023219683107935e-07,26
TEST_26,B0_NOMINAL,0,0.004065047509621023,0.004065047509621023,0.4065047509621023,0.005388061294430777,0.30138396875482965,3.0440705250656035e-05,0.0006412324611268434,0.0053497687280236956,0.010221586809411952,1
TEST_26,B1_SNAPSHOT_WLS,0,0.00011854956870603655,0.00011854956870603655,0.011854956870603655,0.00018385146158748133,0.009883016620672267,6.153323594695636e-05,6.185404648787638e-05,0.0001731341585618758,0.00036385887598814096,25
TEST_26,B2_KALMAN,0,0.00011678677461814016,0.00011678677461814016,0.011678677461814016,0.00016215961633980007,0.008762535658422449,5.111201829429341e-05,4.9160267889937694e-05,0.00015452834443059537,0.0004540783648655944,25
TEST_27,B0_NOMINAL,0,0.0012543459094312157,0.0012543459094312157,0.12543459094312157,0.0015815808486149214,0.08848581613645494,1.2439400666312198e-05,0.0001870601723092675,0.001570479695074445,0.0027777545589861502,1
TEST_27,B1_SNAPSHOT_WLS,0,5.906004044151883e-05,5.906004044151883e-05,0.005906004044151883,8.325830490640534e-05,0.004436921096125329,2.9704741448132497e-05,2.9007503778917114e-05,7.804171999901122e-05,0.00016888093584956285,25
TEST_27,B2_KALMAN,0,6.2028546156787e-05,6.2028546156787e-05,0.0062028546156787,8.623189171856095e-05,0.004663642697441511,2.6956082557042732e-05,2.584666841196505e-05,8.226717985541713e-05,0.00023901405830512902,26
TEST_28,B0_NOMINAL,0,0.0014368711480032162,0.0014368711480032162,0.14368711480032162,0.002055050340610345,0.11491531693622711,9.779128498669745e-06,0.00023606850045674988,0.0020414464395459406,0.004195692217843515,22
TEST_28,B1_SNAPSHOT_WLS,0,1.085877039216585e-05,1.085877039216585e-05,0.001085877039216585,5.3213704888275435e-05,0.0029820460434705743,9.12642808445e-06,1.1621507668038878e-05,5.1929172412606216e-05,6.017470296652874e-05,26
TEST_28,B2_KALMAN,0,1.5727638951301013e-07,1.5727638951301013e-07,1.5727638951301015e-05,6.748024648987847e-07,2.720676791362291e-05,4.760074622422742e-07,4.534577673318629e-07,4.997343493095883e-07,3.2732967128826085e-07,26
TEST_29,B0_NOMINAL,0,0.0017470660109087943,0.0017470660109087943,0.17470660109087943,0.002315683461409421,0.1295277954774605,1.307841814420996e-05,0.00027247754093051915,0.0022995968957914286,0.004392924703207839,1
TEST_29,B1_SNAPSHOT_WLS,0,5.0946616926568204e-05,5.0946616926568204e-05,0.00509466169265682,7.903411765399278e-05,0.004249485141906444,2.639637771964585e-05,2.660088994136842e-05,7.442300993424261e-05,0.00015634728261436427,25
TEST_29,B2_KALMAN,0,5.0247516445526476e-05,5.0247516445526476e-05,0.005024751644552647,6.981936400430722e-05,0.003775257569297492,2.1867682547549837e-05,2.0980904188387624e-05,6.659238131651134e-05,0.00019433384059055513,26
TEST_3,B0_NOMINAL,0,0.004802939390401524,0.004802939390401524,0.4802939390401524,0.006243157515153193,0.3492442889970542,3.980016869865878e-05,0.000746890497036521,0.0061983199614452245,0.011529490392984785,1
TEST_3,B1_SNAPSHOT_WLS,0,0.0001718307479090522,0.0001718307479090522,0.01718307479090522,0.0002521265678260652,0.013479375820185718,8.80273472691322e-05,8.716719260572572e-05,0.0002365791341961243,0.000525285235575116,25
TEST_3,B2_KALMAN,0,0.00017560871529447218,0.00017560871529447218,0.017560871529447217,0.0002438963941602758,0.013180476357829256,7.681978954219559e-05,7.39362894159116e-05,0.00023241961232174703,0.0006822139704088636,26
TEST_30,B0_NOMINAL,0,0.002594738233931941,0.002594738233931941,0.25947382339319414,0.0033868202641306206,0.1894548494527483,2.1007031827294253e-05,0.00040083056152919903,0.003363017449028475,0.006293150352306047,1
TEST_30,B1_SNAPSHOT_WLS,0,8.906948981545706e-05,8.906948981545706e-05,0.008906948981545705,0.00013190197018251917,0.0070590743944220335,4.5695850639569324e-05,4.540325306085989e-05,0.0001238413273084623,0.00027521748761751924,25
TEST_30,B2_KALMAN,0,9.055399666108417e-05,9.055399666108417e-05,0.009055399666108417,0.0001258204559093475,0.0068026075616226716,3.945105444321125e-05,3.788420025852412e-05,0.00011998155898307082,0.00035048041720727477,26
TEST_31,B0_NOMINAL,0,0.0010436679131006097,0.0010436679131006097,0.10436679131006098,0.0014926764354955665,0.08346833172101334,7.104242375167944e-06,0.00017185738225174838,0.0014827501412069824,0.003047535394194788,22
TEST_31,B1_SNAPSHOT_WLS,0,7.886178835678227e-06,7.886178835678227e-06,0.0007886178835678228,3.8645215573438596e-05,0.0021655375306938395,6.64055637996528e-06,8.419942494190594e-06,3.771680335224692e-05,4.370653765128178e-05,26
TEST_31,B2_KALMAN,0,8.732103663574603e-08,8.732103663574603e-08,8.732103663574603e-06,3.551938459200609e-07,1.4209121292196395e-05,2.5251046677379427e-07,2.411995702252667e-07,2.607401685637075e-07,2.2679224819665745e-07,26
TEST_32,B0_NOMINAL,0,0.0028915224573346264,0.0028915224573346264,0.28915224573346265,0.003832613298725115,0.21437817735709166,2.164926265712272e-05,0.00045349623633978033,0.003805688618527567,0.0072706821692005135,1
TEST_32,B1_SNAPSHOT_WLS,0,8.432308512051728e-05,8.432308512051728e-05,0.008432308512051729,0.00013079178541470772,0.007031584785988782,4.3728147689963224e-05,4.401186895731734e-05,0.0001231643070164846,0.0002587915737666738,25
TEST_32,B2_KALMAN,0,8.311742288073951e-05,8.311742288073951e-05,0.00831174228807395,0.0001154493415373787,0.0062406791999733684,3.62655182725053e-05,3.483829643746675e-05,0.00011006745006017676,0.0003223639391159305,26
TEST_33,B0_NOMINAL,0,0.006546359149787628,0.006546359149787628,0.6546359149787628,0.008590887022785628,0.48056102177119664,5.153057834612543e-05,0.001035580898320892,0.008528242025253468,0.016083409626869404,1
TEST_33,B1_SNAPSHOT_WLS,0,0.00021266933095600259,0.00021266933095600259,0.02126693309560026,0.00031914068081975705,0.017097374995033835,0.00010974590455627277,0.00010922385984371127,0.00029986817536200693,0.0006558684054811386,25
TEST_33,B2_KALMAN,0,0.00021389728079460578,0.00021389728079460578,0.021389728079460577,0.00029690344453230154,0.016034172606121923,9.411521264349854e-05,9.073468739627757e-05,0.00028269926048407916,0.0008342502700700883,25
TEST_34,B0_NOMINAL,0,0.0009932634226676256,0.0009932634226676256,0.09932634226676255,0.001420586297673599,0.07943716887321714,6.761284542334763e-06,0.00016360510888535146,0.0014111338694413778,0.002900353601039275,22
TEST_34,B1_SNAPSHOT_WLS,0,7.505182103622602e-06,7.505182103622602e-06,0.0007505182103622602,3.677804036445107e-05,0.0020608951085126074,6.3212615363447155e-06,8.010697221014216e-06,3.589502727513141e-05,4.159556104838323e-05,26
TEST_34,B2_KALMAN,0,7.996672445877882e-08,7.996672445877882e-08,7.996672445877882e-06,3.216644015787826e-07,1.2849262812414194e-05,2.2899588365609004e-07,2.1884020572163096e-07,2.3574764389649915e-07,2.1585058978546404e-07,26
TEST_35,B0_NOMINAL,0,0.003421881982505164,0.003421881982505164,0.3421881982505164,0.004535579396748021,0.25369928599960023,2.5622077269121887e-05,0.0005380731868516586,0.004503549456794767,0.00860429894261212,1
TEST_35,B1_SNAPSHOT_WLS,0,9.979101582074538e-05,9.979101582074538e-05,0.009979101582074539,0.00015477299764167098,0.00832041944288271,5.177077462966839e-05,5.207674619064544e-05,0.00014574873345996454,0.0003062727407648721,25
TEST_35,B2_KALMAN,0,9.833817429984422e-05,9.833817429984422e-05,0.009833817429984421,0.00013656884139542745,0.007381169838199338,4.296362927444117e-05,4.129581301738303e-05,0.00013017566695555186,0.0003819044162596337,26
TEST_36,B0_NOMINAL,0,0.005274787242798529,0.005274787242798529,0.5274787242798529,0.006908354521875952,0.38644376547194087,4.195277736886735e-05,0.0008277830806550368,0.0068585812943571045,0.01289912938283384,1
TEST_36,B1_SNAPSHOT_WLS,0,0.00017494604810348605,0.00017494604810348605,0.017494604810348605,0.00026116609706053036,0.01398560534689017,9.008531677529636e-05,8.960255238850595e-05,0.0002453143144198793,0.0005399099238884591,25
TEST_36,B2_KALMAN,0,0.00017668227706500668,0.00017668227706500668,0.01766822770650067,0.0002453234075323449,0.013254385485819219,7.744508799229859e-05,7.457342612311189e-05,0.00023371430935982884,0.000687511913129816,25
TEST_37,B0_NOMINAL,0,0.0011418326215639914,0.0011418326215639914,0.11418326215639914,0.0016330749449682883,0.09131918332234013,7.772121757798689e-06,0.0001879152236986471,0.0016222273714203768,0.003334177515390442,22
TEST_37,B1_SNAPSHOT_WLS,0,8.62822278312611e-06,8.62822278312611e-06,0.0008628222783126111,4.22818412441122e-05,0.0023693492635041527,7.26198321721269e-06,9.217721235817499e-06,4.126484840891902e-05,4.781779314997104e-05,26
TEST_37,B2_KALMAN,0,1.0269587781308395e-07,1.0269587781308395e-07,1.0269587781308395e-05,4.25347299510248e-07,1.7057462039001768e-05,3.0165276497118344e-07,2.8790843432232735e-07,3.130959256309905e-07,2.523597546872186e-07,26
TEST_38,B0_NOMINAL,0,0.00455579971265489,0.00455579971265489,0.455579971265489,0.006038525027893434,0.33776870613542176,3.41180415024464e-05,0.0007203864572329436,0.005995400559156225,0.011455630342564187,1
TEST_38,B1_SNAPSHOT_WLS,0,0.0001328633110861141,0.0001328633110861141,0.01328633110861141,0.0002060365329800875,0.011075047565041582,6.898902992916541e-05,6.93122839452507e-05,0.0001940279882304293,0.00040780289441615114,25
TEST_38,B2_KALMAN,0,0.00013085669200081128,0.00013085669200081128,0.013085669200081128,0.0001816714962623128,0.009815307170310211,5.735019979882171e-05,5.5187304162336883e-05,0.00017308637731919065,0.0005091851292428944,25
TEST_39,B0_NOMINAL,0,0.006111080404230536,0.006111080404230536,0.6111080404230536,0.00800937133197495,0.44803343521482775,4.842669264139848e-05,0.0009635284423124427,0.00795120381290262,0.01496930160167683,1
TEST_39,B1_SNAPSHOT_WLS,0,0.00020119589060572,0.00020119589060572,0.020119589060572,0.0003008901769078938,0.01611475046515487,0.00010370400471800505,0.00010315053894186783,0.0002826567969741146,0.0006200414398091261,25
TEST_39,B2_KALMAN,0,0.00020286858236348226,0.00020286858236348226,0.020286858236348227,0.0002816289865715036,0.015211887281789314,8.913003205584849e-05,8.589368190162056e-05,0.00026821103908429155,0.0007905861824528857,25
TEST_4,B0_NOMINAL,0,0.0014596345594843632,0.0014596345594843632,0.14596345594843632,0.00208760752070797,0.11673585627118109,9.933955999688314e-06,0.0002397769230224224,0.002073791741641956,0.004262161466670767,22
TEST_4,B1_SNAPSHOT_WLS,0,1.103088489563585e-05,1.103088489563585e-05,0.0011030884895635849,5.405725572468794e-05,0.0030293262599469946,9.270072796808703e-06,1.1807345290995505e-05,5.2751999902027533e-05,6.112810960498136e-05,26
TEST_4,B2_KALMAN,0,1.6200946068645102e-07,1.6200946068645102e-07,1.62009460686451e-05,6.964562894760101e-07,2.8088767925257373e-05,4.911237720253481e-07,4.6779986405828156e-07,5.159599309420697e-07,3.365887580433517e-07,26
TEST_40,B0_NOMINAL,0,0.0011239939531793941,0.0011239939531793941,0.11239939531793941,0.0016075614585651396,0.08989251189308954,7.650757661993281e-06,0.00018499851661886717,0.0015968811452055213,0.0032820884071007674,22
TEST_40,B1_SNAPSHOT_WLS,0,8.493373514909035e-06,8.493373514909035e-06,0.0008493373514909035,4.1620964599022413e-05,0.0023323106057677586,7.149096935782574e-06,9.072673016855725e-06,4.0620084914759774e-05,4.707068846867257e-05,26
TEST_40,B2_KALMAN,0,9.979851707576891e-08,9.979851707576891e-08,9.97985170757689e-06,4.121220404678879e-07,1.652021726795415e-05,2.9239362110401553e-07,2.791096511402268e-07,3.032200172808457e-07,2.484006051046217e-07,26
TEST_41,B0_NOMINAL,0,0.004846272679320008,0.004846272679320008,0.4846272679320008,0.006423529207411649,0.3593046226003492,3.6294876974394235e-05,0.0007674181369765296,0.006377522785651965,0.012186056614190335,1
TEST_41,B1_SNAPSHOT_WLS,0,0.0001413357147221916,0.0001413357147221916,0.014133571472219159,0.00021916668844571476,0.01178049205943821,7.340483077419585e-05,7.372593626299551e-05,0.00020639409789624733,0.00043381484491159623,25
TEST_41,B2_KALMAN,0,0.000139181860160255,0.000139181860160255,0.0139181860160255,0.00019321478174653769,0.010437930493583271,6.105164197035293e-05,5.8765923995516206e-05,0.00018406118021548,0.0005418891452732907,25
TEST_42,B0_NOMINAL,0,0.004718477324976653,0.004718477324976653,0.47184773249766526,0.006141949589091185,0.34358045989919284,3.8796468349008555e-05,0.0007343948927660236,0.006097885608669333,0.011367536454232009,1
TEST_42,B1_SNAPSHOT_WLS,0,0.00016649730338410502,0.00016649730338410502,0.016649730338410502,0.0002450129964642626,0.013102780045019314,8.536637511992973e-05,8.460272741399117e-05,0.00022994292107066629,0.0005108256395631526,25
TEST_42,B2_KALMAN,0,0.0001698299142732169,0.0001698299142732169,0.01698299142732169,0.0002358679726431856,0.012746633552337386,7.428893241320224e-05,7.149453482081672e-05,0.00022477151067152966,0.0006597650866864577,26
TEST_43,B0_NOMINAL,0,0.0012699837497861393,0.0012699837497861393,0.12699837497861394,0.0018163613654198852,0.10156824810103773,8.643934923957205e-06,0.00020885090547014042,0.0018043142489805625,0.0037083800160345203,22
TEST_43,B1_SNAPSHOT_WLS,0,9.59701435632042e-06,9.59701435632042e-06,0.0009597014356320419,4.7029803250728044e-05,0.0026354522802530048,8.072417232111235e-06,1.026070424998702e-05,4.589684457668619e-05,5.318500770210268e-05,26
TEST_43,B2_KALMAN,0,1.2486023200359085e-07,1.2486023200359085e-07,1.2486023200359086e-05,5.265821335750302e-07,2.1173193926443055e-05,3.7246737414847816e-07,3.5517631648333713e-07,3.8876538890410413e-07,2.8395582066716893e-07,26
TEST_44,B0_NOMINAL,0,0.004492647003623967,0.004492647003623967,0.44926470036239674,0.005954819871344164,0.3330865130419048,3.364479262554498e-05,0.0007101789852392,0.005912319807747204,0.011296826278459482,1
TEST_44,B1_SNAPSHOT_WLS,0,0.00013102131637617528,0.00013102131637617528,0.013102131637617528,0.00020318175914474073,0.010921663601340698,6.802924797633767e-05,6.83526160999468e-05,0.00019133935068731865,0.0004021477216938756,25
TEST_44,B2_KALMAN,0,0.00012904642323242904,0.00012904642323242904,0.012904642323242904,0.00017916128179906615,0.00967989091586279,5.654637159624572e-05,5.441038843165719e-05,0.0001706993688523791,0.0005020786970629758,25
TEST_45,B0_NOMINAL,0,0.0023427661646222044,0.0023427661646222044,0.23427661646222042,0.0030262800092521287,0.16929437250550453,2.0106039608599824e-05,0.00035821868556124026,0.0030050041709977445,0.005533191075488532,1
TEST_45,B1_SNAPSHOT_WLS,0,8.90065772134762e-05,8.90065772134762e-05,0.00890065772134762,0.0001291285419671259,0.0068970672023333495,4.537690399397569e-05,4.479578665608232e-05,0.00012110952831391323,0.00026895625015241093,25
TEST_45,B2_KALMAN,0,9.17492403400299e-05,9.17492403400299e-05,0.00917492403400299,0.00012750397132884022,0.006894315268448316,3.9940651830930615e-05,3.8343199860256595e-05,0.00012160206301334743,0.00035470190821930615,26
TEST_46,B0_NOMINAL,0,0.0007192695374923661,0.0007192695374923661,0.0719269537492366,0.00102871231144077,0.0575241905540277,4.896743659443203e-06,0.00011866232815006582,0.0010218455223700979,0.002100286774073623,22
TEST_46,B1_SNAPSHOT_WLS,0,5.4343509819055095e-06,5.4343509819055095e-06,0.000543435098190551,2.6629650419171103e-05,0.0014921696639893804,4.583093261775621e-06,5.79069580749455e-06,2.5992424348496715e-05,3.0120754373618344e-05,26
TEST_46,B2_KALMAN,0,4.633231081879642e-08,4.633231081879642e-08,4.633231081879642e-06,1.6898113688797565e-07,6.677562683115482e-06,1.2154200497162157e-07,1.1656893952703725e-07,1.223368585565883e-07,1.4557238593415756e-07,26
TEST_47,B0_NOMINAL,0,0.008309765046771608,0.008309765046771608,0.8309765046771608,0.011014117736483768,0.6160933509145988,6.226467267648468e-05,0.0013387771705343453,0.010932450100539328,0.02089560970683202,1
TEST_47,B1_SNAPSHOT_WLS,0,0.00024236895215925963,0.00024236895215925963,0.024236895215925962,0.000375666739234023,0.02018562931278345,0.00012621590724791853,0.00012630988171687422,0.0003537955804520354,0.0007440735463307077,25
TEST_47,B2_KALMAN,0,0.00023830463653421027,0.00023830463653421027,0.02383046365342103,0.00033057407665633,0.017833534854670784,0.00010581443419759865,0.00010217355814796707,0.00031438795169753107,0.0009244657625027917,25
TEST_48,B0_NOMINAL,0,0.003037591917519518,0.003037591917519518,0.30375919175195176,0.00394967677955318,0.22094446949680827,2.5119489447843696e-05,0.0004686235783737594,0.003921777480267557,0.007297414484161733,1
TEST_48,B1_SNAPSHOT_WLS,0,0.0001083312395649908,0.0001083312395649908,0.01083312395649908,0.00015908086000466958,0.008506389608857013,5.5460158887599395e-05,5.4955629881267395e-05,0.00014928696783101473,0.0003309836175853698,25
TEST_48,B2_KALMAN,0,0.0001107376268436135,0.0001107376268436135,0.01107376268436135,0.00015385657156078295,0.008317854569179701,4.827450009193045e-05,4.6378614329171425e-05,0.00014669992755739282,0.0004288335394832221,26
TEST_49,B0_NOMINAL,0,0.001160785674844681,0.001160785674844681,0.11607856748446808,0.0016601822711337717,0.09283497941826743,7.901065488996797e-06,0.00019101348016532736,0.0016491570646187763,0.0033895206322172053,22
TEST_49,B1_SNAPSHOT_WLS,0,8.771497921415355e-06,8.771497921415355e-06,0.0008771497921415354,4.2984013906910875e-05,0.002408702522199874,7.381901802273832e-06,9.371866863434908e-06,4.194989348071766e-05,4.861157530030949e-05,26
TEST_49,B2_KALMAN,0,1.0582456686326603e-07,1.0582456686326603e-07,1.0582456686326603e-05,4.3963080213803235e-07,1.7637820262590894e-05,3.116504973331662e-07,2.974081667269928e-07,3.237647673120394e-07,2.567240717579942e-07,26
TEST_5,B0_NOMINAL,0,0.004580085728011941,0.004580085728011941,0.4580085728011941,0.00607071468633472,0.33956929132081026,3.430003690281166e-05,0.0007243135392556604,0.006027349890269436,0.011516700059261276,1
TEST_5,B1_SNAPSHOT_WLS,0,0.00013357167064937265,0.00013357167064937265,0.013357167064937265,0.0002071343554074277,0.011134031884413177,6.935814968039584e-05,6.968132619874685e-05,0.00019506192342236964,0.00040997766286973735,25
TEST_5,B2_KALMAN,0,0.00013155282379674648,0.00013155282379674648,0.013155282379674648,0.00018263677188846918,0.009867378136981502,5.765940597478175e-05,5.54861809237006e-05,0.00017400423607585844,0.0005119183517741744,25
TEST_50,B0_NOMINAL,0,0.004464048934888089,0.004464048934888089,0.44640489348880885,0.00591691482315913,0.33096622943995885,3.3430490331629225e-05,0.0007055587277766487,0.005874697260810843,0.011224913511673457,1
TEST_50,B1_SNAPSHOT_WLS,0,0.0001301871899187088,0.0001301871899187088,0.013018718991870881,0.00020188899171013377,0.010852203948588154,6.759465239052911e-05,6.791803064238457e-05,0.00019012181907238993,0.00039958687729354955,25
TEST_50,B2_KALMAN,0,0.0001282266296984407,0.0001282266296984407,0.012822662969844068,0.00017802449080746725,0.009618563176386043,5.618247155319103e-05,5.4058700280345555e-05,0.0001696183252224174,0.0004988610858772013,25
TEST_51,B0_NOMINAL,0,0.007856113448475496,0.007856113448475496,0.7856113448475496,0.010368120021984579,0.5799670074350521,6.0097790097278846e-05,0.0012575475298453927,0.01029157359204399,0.01956330859042545,1
TEST_51,B1_SNAPSHOT_WLS,0,0.00024030403822573727,0.00024030403822573727,0.024030403822573727,0.0003667950578919733,0.01968081326254208,0.00012464500668911145,0.00012440644812932792,0.00034505311208250376,0.0007411221202121655,25
TEST_51,B2_KALMAN,0,0.0002387801285062994,0.0002387801285062994,0.02387801285062994,0.0003313054536981473,0.01788006215500042,0.00010567072672388708,0.00010199487714194648,0.00031521476597224073,0.0009280244675080328,25
TEST_52,B0_NOMINAL,0,0.0013015676270425156,0.0013015676270425156,0.13015676270425156,0.0018615338337439912,0.10409421437124478,8.858785997662806e-06,0.00021400592286748468,0.001849191628564016,0.003800605176978764,22
TEST_52,B1_SNAPSHOT_WLS,0,9.835793910896781e-06,9.835793910896781e-06,0.000983579391089678,4.820005576331324e-05,0.00270104121817052,8.272012458986201e-06,1.0518017843745048e-05,4.703845954349659e-05,5.4507806052766754e-05,26
TEST_52,B2_KALMAN,0,1.3068677260384937e-07,1.3068677260384937e-07,1.3068677260384938e-05,5.532111361859375e-07,2.225661438151407e-05,3.9107960893133293e-07,3.728492854634025e-07,4.086881103354563e-07,2.926549748399085e-07,26
TEST_53,B0_NOMINAL,0,0.006120526005359161,0.006120526005359161,0.6120526005359161,0.008112465340986755,0.45377918935880945,4.5846408401331994e-05,0.0009753429312382043,0.00805362030860625,0.015390342136072745,1
TEST_53,B1_SNAPSHOT_WLS,0,0.0001785043757387629,0.0001785043757387629,0.01785043757387629,0.000276757244705191,0.01487418059272855,9.2800484585643e-05,9.308090951658967e-05,0.00026063483416529997,0.0005479402113915844,25
TEST_53,B2_KALMAN,0,0.000175679891974587,0.000175679891974587,0.0175679891974587,0.00024380675627023437,0.013164874643925059,7.737723094410093e-05,7.457053672938815e-05,0.00023212274652628173,0.0006850422878905972,25
TEST_54,B0_NOMINAL,0,0.004549596690323327,0.004549596690323327,0.45495966903233265,0.005927813537820416,0.33160007955428017,3.720865542765958e-05,0.0007081637074431889,0.005885361289048219,0.010987633349348484,1
TEST_54,B1_SNAPSHOT_WLS,0,0.00015901220571093154,0.00015901220571093154,0.015901220571093153,0.00023448708856988308,0.012542525098570638,8.157115890962539e-05,8.089255243419291e-05,0.00022009222990978475,0.0004887266420916024,25
TEST_54,B2_KALMAN,0,0.00016197845778206528,0.00016197845778206528,0.01619784577820653,0.00022496715573432736,0.012157887337573456,7.083531862181522e-05,6.815943934868913e-05,0.0002143933580754438,0.0006291030767793516,26
TEST_55,B0_NOMINAL,0,0.0006162977146457478,0.0006162977146457478,0.061629771464574774,0.0008814394513696843,0.04928891227311282,4.1959032488458774e-06,0.00010173513525953032,0.0008755486672279361,0.0017996068692608714,22
TEST_55,B1_SNAPSHOT_WLS,0,4.65619595929434e-06,4.65619595929434e-06,0.000465619595929434,2.2816311325418407e-05,0.001278476350188606,3.9287615602742895e-06,4.958395171452236e-06,2.2271021077223545e-05,2.5808428272724956e-05,26
TEST_55,B2_KALMAN,0,3.638857678473764e-08,3.638857678473764e-08,3.6388576784737637e-06,1.2451666248733058e-07,4.891897221160124e-06,9.00409044409655e-08,8.654562503387424e-08,8.952236605720292e-08,1.2029581377670218e-07,26
TEST_56,B0_NOMINAL,0,0.004952083866250769,0.004952083866250769,0.49520838662507694,0.0065637752909954265,0.3671495616683518,3.708788146283129e-05,0.0007845840394752476,0.006516714966582688,0.012452131259932699,1
TEST_56,B1_SNAPSHOT_WLS,0,0.00014442201085393158,0.00014442201085393158,0.014442201085393158,0.00022394944530556958,0.012037445338174746,7.501389492593389e-05,7.533355650731569e-05,0.00021089857589996042,0.0004432906034156728,25
TEST_56,B2_KALMAN,0,0.00014221399164664276,0.00014221399164664276,0.014221399164664276,0.0001974186622918967,0.010664641845536591,6.240172959121766e-05,6.0071658542143026e-05,0.00018805723613070073,0.0005537703680625674,25
TEST_57,B0_NOMINAL,0,0.002256776533764245,0.002256776533764245,0.22567765337642448,0.0028556429661662527,0.15976425170540237,2.190640021446117e-05,0.00033896785452072043,0.002835453675131444,0.005046452745377909,1
TEST_57,B1_SNAPSHOT_WLS,0,0.00010313944524129884,0.00010313944524129884,0.010313944524129884,0.0001458348175758781,0.007772977818164614,5.1984145426437727e-05,5.0846325672745954e-05,0.00013668374147268104,0.00029744934824371677,25
TEST_57,B2_KALMAN,0,0.0001080967042522967,0.0001080967042522967,0.01080967042522967,0.00015025064765070777,0.008124938601340908,4.702948534186943e-05,4.514381625713505e-05,0.00014330838416924237,0.00041725938667102805,26
TEST_58,B0_NOMINAL,0,0.0008852835026513683,0.0008852835026513683,0.08852835026513683,0.0012661500963351126,0.07080134387279317,6.026528908673676e-06,0.00014591034040963878,0.0012577146890336288,0.0025850505807771167,22
TEST_58,B1_SNAPSHOT_WLS,0,6.689029196559737e-06,6.689029196559737e-06,0.0006689029196559736,3.2778318474208746e-05,0.0018367423377952728,5.636762837108367e-06,7.134872335031783e-06,3.1992370321053934e-05,3.707333077597949e-05,26
TEST_58,B2_KALMAN,0,6.544092021621013e-08,6.544092021621013e-08,6.5440920216210136e-06,2.5552690573237026e-07,1.017076149789781e-05,1.825427774654924e-07,1.746491658914807e-07,1.8652524871064964e-07,1.8528870776907572e-07,26
TEST_59,B0_NOMINAL,0,0.007896144870576839,0.007896144870576839,0.7896144870576839,0.010465902464179546,0.585426628041609,5.916191936791319e-05,0.0012695030584749345,0.010388622448344261,0.01985546995442604,1
TEST_59,B1_SNAPSHOT_WLS,0,0.00023030214440339792,0.00023030214440339792,0.023030214440339793,0.0003569827432354077,0.01918247558971602,0.00011989364360814475,0.0001200339530999094,0.0003361971580354091,0.0007070116355226599,25
TEST_59,B2_KALMAN,0,0.0002264800485611657,0.0002264800485611657,0.02264800485611657,0.000314193738348335,0.016953029598442547,0.00010039986323620206,9.6911192828444e-05,0.00029887443169644023,0.0008798524112157616,25
TEST_6,B0_NOMINAL,0,0.006018351128517515,0.006018351128517515,0.6018351128517515,0.007896906628055958,0.4417399734634599,4.740398831981757e-05,0.0009495026073956338,0.00783961600403891,0.01478144206875228,1
TEST_6,B1_SNAPSHOT_WLS,0,0.00019578939738842035,0.00019578939738842035,0.019578939738842036,0.00029371669262851104,0.015735429876954393,0.00010099299630090729,0.00010053492160085734,0.0002759750442836104,0.0006039555670274152,25
TEST_6,B2_KALMAN,0,0.00019701082438345732,0.00019701082438345732,0.019701082438345733,0.00027349403136284184,0.01477251937008311,8.655268116772416e-05,8.340277845858945e-05,0.0002604668150388578,0.0007677451222233599,25
TEST_60,B0_NOMINAL,0,0.004073430477187403,0.004073430477187403,0.40734304771874025,0.005326705248758334,0.29796900572703267,3.2660080183646204e-05,0.0006347022939861181,0.005288756168056753,0.009925206909898355,1
TEST_60,B1_SNAPSHOT_WLS,0,0.00013725254417397436,0.00013725254417397436,0.013725254417397435,0.0002041226973446129,0.010927712681597312,7.055485288112362e-05,7.014586275203995e-05,0.00019169150609772047,0.0004228521728197382,25
TEST_60,B2_KALMAN,0,0.00013904615975480512,0.00013904615975480512,0.013904615975480513,0.00019312379155781527,0.01043773358834719,6.076446538768501e-05,5.8441426378291715e-05,0.00018406900485561708,0.0005398528138129148,26
TEST_61,B0_NOMINAL,0,0.0007750501906659535,0.0007750501906659535,0.07750501906659535,0.001108491284165719,0.06198530894029483,5.2763687029110265e-06,0.00012782349533344578,0.0011010967628288196,0.0022631673639474346,22
TEST_61,B1_SNAPSHOT_WLS,0,5.8559066501807106e-06,5.8559066501807106e-06,0.0005855906650180711,2.8695505180355436e-05,0.001607939047821825,4.937299752665248e-06,6.2420194965317005e-06,2.8008377499611144e-05,3.2456803708283244e-05,26
TEST_61,B2_KALMAN,0,5.232293872826476e-08,5.232293872826476e-08,5.232293872826476e-06,1.9601426103394965e-07,7.76673335422399e-06,1.4063101770261832e-07,1.3475124256162802e-07,1.42350599425442e-07,1.6060951018883186e-07,26
TEST_62,B0_NOMINAL,0,0.008333740848045744,0.008333740848045744,0.8333740848045744,0.011045895391419052,0.6178709730282831,6.244453687853462e-05,0.001342801480230105,0.010963972326801288,0.020955902304601624,1
TEST_62,B1_SNAPSHOT_WLS,0,0.0002430684232561826,0.0002430684232561826,0.02430684232561826,0.00037674972414804476,0.0202437727969382,0.00012658251029391238,0.00012667364212077837,0.0003548156465511136,0.0007462219557580089,25
TEST_62,B2_KALMAN,0,0.00023898995875800045,0.00023898995875800045,0.023898995875800046,0.0003315234105216277,0.017884552005078564,0.00010612893362480213,0.00010247930731978252,0.00031528679530730316,0.0009271074645533738,25
TEST_63,B0_NOMINAL,0,0.007413100221739759,0.007413100221739759,0.7413100221739759,0.009745640871493303,0.5451544824753886,5.7824947243726335e-05,0.0011796436585231672,0.009673983503967061,0.018287817948093116,1
TEST_63,B1_SNAPSHOT_WLS,0,0.00023637057747170797,0.00023637057747170797,0.023637057747170797,0.00035647291330462863,0.019105389155904165,0.0001222012909388662,0.00012169397806244892,0.0003350574780887982,0.0007310320867113984,25
TEST_63,B2_KALMAN,0,0.00023684161571242614,0.00023684161571242614,0.023684161571242614,0.00032868084399310113,0.017744017060890363,0.00010453232652641429,0.00010085678123186918,0.00031282424280666633,0.0009232413536313207,25
TEST_64,B0_NOMINAL,0,0.0004594376304783598,0.0004594376304783598,0.045943763047835984,0.0006570947058795873,0.03674387726988437,3.1281715818777062e-06,7.591056205733982e-05,0.0006526952114602343,0.0013415716890294357,22
TEST_64,B1_SNAPSHOT_WLS,0,3.4709145591097705e-06,3.4709145591097705e-06,0.00034709145591097705,1.7007975721092638e-05,0.0009529970252015116,2.930847305312369e-06,3.6926429269233465e-06,1.6602277745644407e-05,1.923945220158302e-05,26
TEST_64,B2_KALMAN,0,2.3911804537703744e-08,2.3911804537703744e-08,2.3911804537703746e-06,7.033417391624887e-08,2.733206714710075e-06,5.135540976950688e-08,4.96278191491436e-08,4.9839498261730514e-08,8.200375661808427e-08,26
TEST_65,B0_NOMINAL,0,0.007864879876951043,0.007864879876951043,0.7864879876951043,0.010424463537836317,0.5831085750120317,5.89274009106558e-05,0.0012642783448632393,0.010347513726417025,0.019776847342770076,1
TEST_65,B1_SNAPSHOT_WLS,0,0.0002293900431412995,0.0002293900431412995,0.02293900431412995,0.0003555703824197356,0.019106641796165533,0.0001194159222271262,0.00011955952570113633,0.00033486686409412965,0.000704210310448894,25
TEST_65,B2_KALMAN,0,0.00022558611118346367,0.00022558611118346367,0.022558611118346367,0.0003129553467291636,0.016886444145747227,9.999141953630156e-05,9.65143514545539e-05,0.00029770124119606533,0.0008763664817115023,25
TEST_66,B0_NOMINAL,0,0.003371671989377599,0.003371671989377599,0.3371671989377599,0.004382331961395674,0.24514786702211575,2.794567944281777e-05,0.0005207892042427822,0.004351277056751756,0.008091759784564636,1
TEST_66,B1_SNAPSHOT_WLS,0,0.00012071703575092566,0.00012071703575092566,0.012071703575092567,0.0001771202128827044,0.009470047530243508,6.179623410991722e-05,6.121316174096742e-05,0.00016620625331583853,0.0003690615924806585,25
TEST_66,B2_KALMAN,0,0.00012345010831014887,0.00012345010831014887,0.012345010831014887,0.00017150722043684634,0.00927147542404892,5.384814375044134e-05,5.175145074177816e-05,0.00016351303926015904,0.00047833421278340495,26
TEST_67,B0_NOMINAL,0,0.0014617331192241455,0.0014617331192241455,0.14617331192241456,0.0020906089700926532,0.11690369194411522,9.948229343504967e-06,0.00024011875411060062,0.0020767736635840307,0.004268289273012684,22
TEST_67,B1_SNAPSHOT_WLS,0,1.104675230231044e-05,1.104675230231044e-05,0.0011046752302310441,5.4135023553774866e-05,0.003033685085537021,9.28331392903434e-06,1.1824480377700894e-05,5.2827856656929835e-05,6.121600326009625e-05,26
TEST_67,B2_KALMAN,0,1.6244956183418706e-07,1.6244956183418706e-07,1.6244956183418704e-05,6.984699344727205e-07,2.817078959346246e-05,4.92529431971222e-07,4.691334595313562e-07,5.17468884581931e-07,3.3737779416792186e-07,26
TEST_68,B0_NOMINAL,0,0.0076513458031312485,0.0076513458031312485,0.7651345803131249,0.010141443164784334,0.5672767189355342,5.732574482373722e-05,0.001228638097886462,0.010066743161965186,0.019239870732879253,1
TEST_68,B1_SNAPSHOT_WLS,0,0.00022316061003799085,0.00022316061003799085,0.022316061003799084,0.00034592398971895966,0.01858868597481377,0.00011615381402207163,0.00011631912884259574,0.00032578101069335286,0.000685078033969503,25
TEST_68,B2_KALMAN,0,0.0002194801787291114,0.0002194801787291114,0.02194801787291114,0.00030449649208952247,0.016431567548227045,9.720490691089359e-05,9.380745284495349e-05,0.0002896865124329513,0.0008525587655867064,25
TEST_69,B0_NOMINAL,0,0.0015891605298384232,0.0015891605298384232,0.15891605298384232,0.0020434939757779384,0.11431807439537746,1.4001519977799344e-05,0.00024122655217929633,0.0020292060958819374,0.003712281332667956,1
TEST_69,B1_SNAPSHOT_WLS,0,6.298865301156825e-05,6.298865301156825e-05,0.006298865301156826,9.074163935832945e-05,0.004843780675212118,3.202070144764837e-05,3.1534452929526214e-05,8.508597647011298e-05,0.00018936773906658903,25
TEST_69,B2_KALMAN,0,6.525044949772112e-05,6.525044949772112e-05,0.006525044949772112,9.069624210064388e-05,0.004904727464608319,2.8372214070957804e-05,2.7214897158135364e-05,8.65168059041174e-05,0.0002517684524782947,26
TEST_7,B0_NOMINAL,0,0.0014484786741362622,0.0014484786741362622,0.14484786741362624,0.002071651907345405,0.1158436469122692,9.85807885053589e-06,0.0002379596219783514,0.002057939951387254,0.00422958624340043,22
TEST_7,B1_SNAPSHOT_WLS,0,1.094653473019121e-05,1.094653473019121e-05,0.001094653473019121,5.3643846485179004e-05,0.003006155035193394,9.19967910256447e-06,1.1716263311434442e-05,5.2348748215621995e-05,6.0660862431367795e-05,26
TEST_7,B2_KALMAN,0,1.5968052501022534e-07,1.5968052501022534e-07,1.5968052501022535e-05,6.858011729355851e-07,2.7654750148242128e-05,4.83685830685673e-07,4.607430733186517e-07,5.079754612072396e-07,3.3229771931320045e-07,26
TEST_70,B0_NOMINAL,0,0.0010788109942758048,0.0010788109942758048,0.10788109942758048,0.001542939243273858,0.08627894509051427,7.343350378386044e-06,0.00017760820008230557,0.001532682888172902,0.0031501536363708954,22
TEST_70,B1_SNAPSHOT_WLS,0,8.151825713506611e-06,8.151825713506611e-06,0.0008151825713506611,3.994709714564393e-05,0.0022384998655000654,6.863090559620117e-06,8.7054331937937e-06,3.8986997874572336e-05,4.517836608960602e-05,26
TEST_70,B2_KALMAN,0,9.266540866566768e-08,9.266540866566768e-08,9.266540866566768e-06,3.7957179439871524e-07,1.5198471315420009e-05,2.6959510054060294e-07,2.574410282152036e-07,2.7892447740304056e-07,2.367439447803295e-07,26
TEST_71,B0_NOMINAL,0,0.006262390349939875,0.006262390349939875,0.6262390349939875,0.008300495974837199,0.46429720685275994,4.69100100387828e-05,0.0009986544721395415,0.00824020161607495,0.01574708301302409,1
TEST_71,B1_SNAPSHOT_WLS,0,0.0001826425890643824,0.0001826425890643824,0.01826425890643824,0.0002831679654287534,0.01521850739408653,9.496228068871111e-05,9.523505506001347e-05,0.00026667279751181204,0.0005606475152633258,25
TEST_71,B2_KALMAN,0,0.00017974102717755068,0.00017974102717755068,0.01797410271775507,0.00024943484315144215,0.0134680301210851,7.92043114004351e-05,7.634132483539637e-05,0.00023746524608953,0.0007007060929037219,25
TEST_72,B0_NOMINAL,0,0.0035985461839365945,0.0035985461839365945,0.35985461839365945,0.004732275451899045,0.26471049490514115,2.8010549940881067e-05,0.0005622933875162212,0.004698750589146209,0.008883180118787705,1
TEST_72,B1_SNAPSHOT_WLS,0,0.00011436243278172593,0.00011436243278172593,0.011436243278172593,0.00017269655405680934,0.009259554195410179,5.8993146435218e-05,5.891357991128564e-05,0.0001623369640135389,0.00035345944852401673,25
TEST_72,B2_KALMAN,0,0.00011470384689101951,0.00011470384689101951,0.011470384689101951,0.0001593153467468332,0.008610969312858468,5.0098331844718026e-05,4.816053821122521e-05,0.00015186158917997932,0.000445174359235707,26
TEST_73,B0_NOMINAL,0,0.0006081380593830991,0.0006081380593830991,0.06081380593830991,0.0008697693195880694,0.04863633567585128,4.140364860520705e-06,0.00010039293294762096,0.0008639559759101547,0.0017757804937853204,22
TEST_73,B1_SNAPSHOT_WLS,0,4.594536034187767e-06,4.594536034187767e-06,0.00045945360341877666,2.2514150332801852e-05,0.0012615439702717399,3.87688563610524e-06,4.892489400043168e-06,2.197613507144664e-05,2.5466714715280716e-05,26
TEST_73,B2_KALMAN,0,3.566133937682462e-08,3.566133937682462e-08,3.566133937682462e-06,1.2129487873848772e-07,4.762885650413389e-06,8.775185128658902e-08,8.436287026731259e-08,8.715132660175076e-08,1.18702286844734e-07,26
TEST_74,B0_NOMINAL,0,0.00233823674521389,0.00233823674521389,0.23382367452138902,0.003099257200670391,0.17335736585132527,1.750535255695426e-05,0.0003657303330297031,0.003077602397875536,0.005879428118738978,1
TEST_74,B1_SNAPSHOT_WLS,0,6.818701260263853e-05,6.818701260263853e-05,0.006818701260263853,0.0001057711423731316,0.005686743314571499,3.534515256659966e-05,3.559593204664933e-05,9.960152699957765e-05,0.00020926250530953392,25
TEST_74,B2_KALMAN,0,6.723089698181415e-05,6.723089698181415e-05,0.006723089698181414,9.339952728682932e-05,0.005049524077409483,2.929609359133801e-05,2.8126406248339417e-05,8.906389262185067e-05,0.0002604344410145907,26
TEST_75,B0_NOMINAL,0,0.00417616257871029,0.00417616257871029,0.417616257871029,0.005417751176514579,0.3030726912413751,3.498746823946427e-05,0.0006463809372985539,0.005379053773157705,0.009973759187596049,1
TEST_75,B1_SNAPSHOT_WLS,0,0.0001523009451426341,0.0001523009451426341,0.01523009451426341,0.0002226181509444708,0.011897859411460415,7.79046675721509e-05,7.706926514769036e-05,0.00020885202776015888,0.0004667820235360647,25
TEST_75,B2_KALMAN,0,0.000156091956038002,0.000156091956038002,0.015609195603800202,0.00021682566775445066,0.01171950695576487,6.818240506312904e-05,6.558167330476934e-05,0.00020666981957632308,0.0006057153394533827,26
TEST_76,B0_NOMINAL,0,0.0012286054370712063,0.0012286054370712063,0.12286054370712063,0.0017571805538708575,0.0982589587418083,8.362448458567931e-06,0.00020209443183853273,0.001745520363536832,0.0035875549961822055,22
TEST_76,B1_SNAPSHOT_WLS,0,9.284194987556396e-06,9.284194987556396e-06,0.0009284194987556396,4.549669248358545e-05,0.0025495270531015342,7.81084032836772e-06,9.923752253283768e-06,4.440121809321661e-05,5.1451994461102746e-05,26
TEST_76,B2_KALMAN,0,1.174445989532507e-07,1.174445989532507e-07,1.1744459895325069e-05,4.926998868616325e-07,1.9795114752927347e-05,3.487772852956594e-07,3.3267762254338676e-07,3.634264409372896e-07,2.7452071361375705e-07,26
TEST_77,B0_NOMINAL,0,0.00796601132685679,0.00796601132685679,0.796601132685679,0.010558504104756434,0.5906066769654539,5.9685993548716005e-05,0.001281184382440815,0.010480485461482603,0.02003116430860341,1
TEST_77,B1_SNAPSHOT_WLS,0,0.0002323403816757837,0.0002323403816757837,0.02323403816757837,0.000360138849156718,0.019351934449011746,0.00012096127207388124,0.00012109411456707595,0.00033916987792128765,0.0007132717470547427,25
TEST_77,B2_KALMAN,0,0.0002284776216943889,0.0002284776216943889,0.02284776216943889,0.0003169609999469582,0.017101810191569197,0.00010131301429872599,9.779846661355036e-05,0.000301495829847469,0.0008876422915284662,25
TEST_78,B0_NOMINAL,0,0.001873946112655766,0.001873946112655766,0.1873946112655766,0.0024166070732592367,0.13518925999390877,1.6238214489836095e-05,0.00028551367045091873,0.0023996815810670004,0.0044079006740749375,1
TEST_78,B1_SNAPSHOT_WLS,0,7.232920110595732e-05,7.232920110595732e-05,0.007232920110595732,0.00010464997886292253,0.0055883312206503975,3.6832148007043554e-05,3.632808029438775e-05,9.814218592498667e-05,0.0002186651764553148,25
TEST_78,B2_KALMAN,0,7.470538013589577e-05,7.470538013589577e-05,0.007470538013589577,0.00010382998264680854,0.005614697435209661,3.2497448408276816e-05,3.1181724635040874e-05,9.90371917272549e-05,0.0002884761149267236,26
TEST_79,B0_NOMINAL,0,0.0005799688118365937,0.0005799688118365937,0.057996881183659366,0.0008294810075974263,0.0463834722513407,3.94862815769473e-06,9.575832632916764e-05,0.0008239351217805188,0.0016935256580660916,22
TEST_79,B1_SNAPSHOT_WLS,0,4.3816726765814774e-06,4.3816726765814774e-06,0.00043816726765814776,2.1471028341988558e-05,0.0012030901665993864,3.6977675977610935e-06,4.665018735821082e-06,2.0958116763128173e-05,2.428703707338002e-05,26
TEST_79,B2_KALMAN,0,3.3217985571184206e-08,3.3217985571184206e-08,3.3217985571184206e-06,1.1051275994310405e-07,4.331600755107656e-06,8.008305650830166e-08,7.704891088458093e-08,7.922458861832007e-08,1.1108179831891072e-07,26
TEST_8,B0_NOMINAL,0,0.004616336089059673,0.004616336089059673,0.46163360890596733,0.006118762358624987,0.342256923268436,3.4571692969269584e-05,0.0007301770242110549,0.006075038626596567,0.011607855456877003,1
TEST_8,B1_SNAPSHOT_WLS,0,0.00013462900081205137,0.00013462900081205137,0.013462900081205136,0.00020877300286224832,0.01122207337519133,6.990914062981469e-05,7.023216676108477e-05,0.00019660521223040735,0.0004132238387326854,25
TEST_8,B2_KALMAN,0,0.00013259187422219975,0.00013259187422219975,0.013259187422219975,0.00018407753008083244,0.009945096654085592,5.812102980594539e-05,5.593240727108211e-05,0.00017537417967740168,0.0005159846945221255,25
TEST_80,B0_NOMINAL,0,0.006957030589995752,0.006957030589995752,0.6957030589995752,0.009221187241174418,0.515798906715887,5.211857506468133e-05,0.001113275561297674,0.009153737578793442,0.01749387788270406,1
TEST_80,B1_SNAPSHOT_WLS,0,0.0002029059089733226,0.0002029059089733226,0.02029059089733226,0.0003145554958947668,0.016904224961988686,0.00010555463405908474,0.00010578101789520433,0.00029623560935623035,0.0006228735518263224,25
TEST_80,B2_KALMAN,0,0.00019962022204488155,0.00019962022204488155,0.019962022204488155,0.00027698116961934725,0.01495117875264697,8.818052596906272e-05,8.504655075802866e-05,0.00026360131359282654,0.0007761090565906123,25
TEST_81,B0_NOMINAL,0,0.005739912431704536,0.005739912431704536,0.5739912431704536,0.007471469082232672,0.4179555315739262,4.7205885933472626e-05,0.0008976749990100367,0.007417346550007694,0.013828241912603317,1
TEST_81,B1_SNAPSHOT_WLS,0,0.0002025676906467152,0.0002025676906467152,0.02025676906467152,0.0002980593628010883,0.015938471465992636,0.00010391290995223435,0.00010295052573453153,0.0002797151640586801,0.0006212815962009718,25
TEST_81,B2_KALMAN,0,0.00020654813465402459,0.00020654813465402459,0.020654813465402457,0.00028680578551286564,0.01549533337187468,9.056068073098566e-05,8.724126764810558e-05,0.0002732151529890015,0.0008038322757122443,25
TEST_82,B0_NOMINAL,0,0.0009648098679780745,0.0009648098679780745,0.09648098679780745,0.0013798911237873292,0.07716156055726942,6.567677312763404e-06,0.00015894454178565445,0.0013707064405421045,0.002817268808786298,22
TEST_82,B1_SNAPSHOT_WLS,0,7.290113512770178e-06,7.290113512770178e-06,0.0007290113512770178,3.572404678566935e-05,0.0020018265330673203,6.140954724417314e-06,7.779792967537122e-06,3.486663649001654e-05,4.0403909895601484e-05,26
TEST_82,B2_KALMAN,0,7.597675618826193e-08,7.597675618826193e-08,7.597675618826194e-06,3.0348354648202084e-07,1.2112393573176813e-05,2.1623641139444047e-07,2.0670484712127696e-07,2.2220569111045383e-07,2.0786883248289435e-07,26
TEST_83,B0_NOMINAL,0,0.0022839890290758166,0.0022839890290758166,0.22839890290758166,0.003027354085275383,0.1693354223826075,1.7099092381163242e-05,0.00035715072635820577,0.0030062129193214773,0.0057430212189506806,1
TEST_83,B1_SNAPSHOT_WLS,0,6.660495475596877e-05,6.660495475596877e-05,0.006660495475596877,0.00010331780307373234,0.0055548701852173666,3.452363023192975e-05,3.4770642052834585e-05,9.729116549418136e-05,0.00020440661595809488,25
TEST_83,B2_KALMAN,0,6.567284138861933e-05,6.567284138861933e-05,0.006567284138861933,9.123663480352449e-05,0.004932660183702591,2.8613690866198883e-05,2.7469625190201025e-05,8.700312191054738e-05,0.00025436706458455176,26
TEST_84,B0_NOMINAL,0,0.006413396515707291,0.006413396515707291,0.6413396515707291,0.008383871308559368,0.4689882822088288,5.1531736489360924e-05,0.00101021767304331,0.00832278549354457,0.01561478006447015,1
TEST_84,B1_SNAPSHOT_WLS,0,0.0002168371236472092,0.0002168371236472092,0.02168371236472092,0.0003221486280665479,0.017241895692691377,0.00011158673157180281,0.00011079730461300694,0.00030249577824434436,0.0006684214685582069,25
TEST_84,B2_KALMAN,0,0.0002195905033441174,0.0002195905033441174,0.02195905033441174,0.0003048451756912258,0.01646534864405302,9.65098201807713e-05,9.30316464743568e-05,0.00029030276246788396,0.0008559388904691341,25
TEST_85,B0_NOMINAL,0,0.0003693318565891155,0.0003693318565891155,0.03693318565891155,0.0005282236870771699,0.02953758879735909,2.5147655596493716e-06,6.105477706570284e-05,0.0005246833119004808,0.0010784604440400216,22
TEST_85,B1_SNAPSHOT_WLS,0,2.7901061534877046e-06,2.7901061534877046e-06,0.0002790106153487705,1.3671818514838646e-05,0.0007660558011031879,2.3569830691851795e-06,2.9667071402363116e-06,1.3346058228808823e-05,1.5466081347349322e-05,26
TEST_85,B2_KALMAN,0,1.8065533747528226e-08,1.8065533747528226e-08,1.8065533747528226e-06,4.6590327476383907e-08,1.7995871330814305e-06,3.419416329013128e-08,3.3219431076589774e-08,3.26669253726823e-08,6.226117515421676e-08,26
TEST_86,B0_NOMINAL,0,0.006134837249245955,0.006134837249245955,0.6134837249245956,0.008131433837777678,0.4548402442585298,4.595370362289148e-05,0.0009776931051923836,0.008072442780857296,0.015426330046742358,1
TEST_86,B1_SNAPSHOT_WLS,0,0.00017892183616765805,0.00017892183616765805,0.017892183616765804,0.00027740396507363067,0.01490891709210921,9.301854377765218e-05,9.329822509650579e-05,0.0002612439492742633,0.0005492221179611092,25
TEST_86,B2_KALMAN,0,0.00017608959816614833,0.00017608959816614833,0.01760895981661483,0.0002443745542668342,0.013195460860512449,7.756145527811103e-05,7.474906735242401e-05,0.00023266177103911306,0.0006866448764679919,25
TEST_87,B0_NOMINAL,0,0.004538020936974509,0.004538020936974509,0.45380209369745084,0.005960115370365097,0.33339555519193537,3.5561424526564266e-05,0.0007114769737126047,0.005917497422385499,0.011169645371095467,1
TEST_87,B1_SNAPSHOT_WLS,0,0.00014617818759105883,0.00014617818759105883,0.014617818759105882,0.00021990294265692033,0.011785418202476488,7.538325396813897e-05,7.515954855633312e-05,0.00020665997786214191,0.0004501183951149215,25
TEST_87,B2_KALMAN,0,0.00014691916178238897,0.00014691916178238897,0.014691916178238897,0.0002040180260479943,0.011024510933585346,6.430429071970861e-05,6.187556671789502e-05,0.00019440876831012385,0.0005711009174631645,25
TEST_88,B0_NOMINAL,0,0.001116670257931451,0.001116670257931451,0.11166702579314511,0.0015970868558215256,0.0893067896005636,7.600931259930829e-06,0.00018380088389881002,0.0015864752314851632,0.0032607031337645305,22
TEST_88,B1_SNAPSHOT_WLS,0,8.438011364108022e-06,8.438011364108022e-06,0.0008438011364108022,4.134964336862106e-05,0.0023171045254736775,7.102746048939717e-06,9.013132771751118e-06,4.035537689516644e-05,4.676396307450249e-05,26
TEST_88,B2_KALMAN,0,9.862228747787222e-08,9.862228747787222e-08,9.862228747787222e-06,4.0675367745931956e-07,1.630217031907094e-05,2.886346169150913e-07,2.7553730941117306e-07,2.992118735096113e-07,2.467720233396966e-07,26
TEST_89,B0_NOMINAL,0,0.0035959496454311046,0.0035959496454311046,0.35959496454311046,0.004766297222941239,0.26660475864832067,2.6926113730306527e-05,0.0005659280507999797,0.004732580127027445,0.009042003560957822,1
TEST_89,B1_SNAPSHOT_WLS,0,0.00010486780067941845,0.00010486780067941845,0.010486780067941844,0.0001626432304113568,0.008743363912773942,5.441191310640336e-05,5.472320989078998e-05,0.0001531606695528922,0.0003218573244705175,25
TEST_89,B2_KALMAN,0,0.00010333216423625325,0.00010333216423625325,0.010333216423625325,0.00014349698304309512,0.007755209347700671,4.51660393174134e-05,4.342054819702768e-05,0.000136770026455872,0.00040141177896948186,26
TEST_9,B0_NOMINAL,0,0.0007337976330442936,0.0007337976330442936,0.07337976330442936,0.0008758529471453595,0.04901704374185718,1.0269620602121347e-05,0.00010487772369358426,0.000869551061235661,0.0013502200716360457,1
TEST_9,B1_SNAPSHOT_WLS,0,5.268161544972904e-05,5.268161544972904e-05,0.005268161544972904,7.234478688328127e-05,0.0038555474972504795,2.5737049674719542e-05,2.4822449526656717e-05,6.795302928261524e-05,0.00015328064504614044,25
TEST_9,B2_KALMAN,0,5.5748931256077497e-05,5.5748931256077497e-05,0.00557489312560775,7.751610409786002e-05,0.004192573269871197,2.4213706581357212e-05,2.3203916451064615e-05,7.396164313914534e-05,0.0002144012057543809,26
TEST_90,B0_NOMINAL,0,0.00618716759843132,0.00618716759843132,0.618716759843132,0.008159469951886794,0.4564180656731398,4.749456192523046e-05,0.0009815807594372118,0.008100212905130714,0.015380482538610943,1
TEST_90,B1_SNAPSHOT_WLS,0,0.00019078038418685425,0.00019078038418685425,0.019078038418685425,0.0002905478418385615,0.01558834373592556,9.878519812458604e-05,9.867689411542664e-05,0.0002732780982164114,0.0005893100221832254,25
TEST_90,B2_KALMAN,0,0.00019001537841413477,0.00019001537841413477,0.019001537841413476,0.00026373701625466553,0.014242860416406312,8.360707692281915e-05,8.057793453011602e-05,0.0002511262833909944,0.0007411207345234044,25
TEST_91,B0_NOMINAL,0,0.0011616161429443097,0.0011616161429443097,0.11616161429443096,0.0016613700364551689,0.09290139725283346,7.906715608984023e-06,0.00019114922133051533,0.0016503370483679349,0.003391945609406267,22
TEST_91,B1_SNAPSHOT_WLS,0,8.777775873815232e-06,8.777775873815232e-06,0.0008777775873815232,4.3014781308403485e-05,0.0024104268849504916,7.38715582439923e-06,9.37862193228815e-06,4.197991021501811e-05,4.864635628514051e-05,26
TEST_91,B2_KALMAN,0,1.0596283196263658e-07,1.0596283196263658e-07,1.0596283196263657e-05,4.402621329169872e-07,1.7663476642822152e-05,3.1209231481884985e-07,2.97827950095794e-07,3.242364227263065e-07,2.570638419883795e-07,26
TEST_92,B0_NOMINAL,0,0.0036760468944387684,0.0036760468944387684,0.3676046894438768,0.004872461963839429,0.27254321522264474,2.7526187431962102e-05,0.0005787614886836868,0.004837966590240018,0.00924341377517062,1
TEST_92,B1_SNAPSHOT_WLS,0,0.00010720390093856169,0.00010720390093856169,0.01072039009385617,0.00016626462507078507,0.0089379719137194,5.562748117122022e-05,5.594090134231218e-05,0.0001565712013971229,0.00032902873268362713,25
TEST_92,B2_KALMAN,0,0.00010562989250667736,0.00010562989250667736,0.010562989250667735,0.00014668441255469576,0.007927277750581396,4.61801822887508e-05,4.439915841261694e-05,0.0001398035465171307,0.0004103807808180872,26
TEST_93,B0_NOMINAL,0,0.0010508971042037436,0.0010508971042037436,0.10508971042037436,0.0012744255567368164,0.07131620963151349,1.3293082777997713e-05,0.00015200664815794005,0.001265327814670859,0.0020557659393864664,1
TEST_93,B1_SNAPSHOT_WLS,0,6.710277543082793e-05,6.710277543082793e-05,0.006710277543082793,9.264690222578422e-05,0.004935648469254455,3.3071485108329235e-05,3.198304889625008e-05,8.695132589750485e-05,0.00019430626605010625,25
TEST_93,B2_KALMAN,0,7.107772146895757e-05,7.107772146895757e-05,0.007107772146895757,9.882568793722259e-05,0.0053450098966031905,3.0878382467002064e-05,2.9601182654039846e-05,9.428831625258493e-05,0.0002734751458382269,26
TEST_94,B0_NOMINAL,0,0.0011652416388366644,0.0011652416388366644,0.11652416388366643,0.001666555349280178,0.09319135120420047,7.931380723047456e-06,0.00019174179845089746,0.0016554883916660942,0.003402532098871238,22
TEST_94,B1_SNAPSHOT_WLS,0,8.805182918590285e-06,8.805182918590285e-06,0.0008805182918590284,4.314910004023837e-05,0.0024179547989984698,7.410092345883864e-06,9.408112734028678e-06,4.2110951652347e-05,4.8798199461355475e-05,26
TEST_94,B2_KALMAN,0,1.0656764852724055e-07,1.0656764852724055e-07,1.0656764852724056e-05,4.430236292610977e-07,1.7775691339518526e-05,3.140250106427945e-07,2.9966426615121215e-07,3.262993467289354e-07,2.5857441647217534e-07,26
TEST_95,B0_NOMINAL,0,0.00605139706247311,0.00605139706247311,0.605139706247311,0.008020840003824492,0.4486538773455535,4.5328143258579414e-05,0.000963995370256255,0.007962699749022048,0.015216506458377096,1
TEST_95,B1_SNAPSHOT_WLS,0,0.00017648788251567007,0.00017648788251567007,0.01764878825156701,0.000273633304487274,0.014706386822042386,9.174724306053708e-05,9.203117081490602e-05,0.0002576925472788509,0.0005417482159392739,25
TEST_95,B2_KALMAN,0,0.00017370078657502792,0.00017370078657502792,0.017370078657502792,0.000241063947278756,0.013017118626525609,7.648764014825878e-05,7.370849631249449e-05,0.0002295188102290656,0.0006773011735063975,25
TEST_96,B0_NOMINAL,0,0.0015025130883296717,0.0015025130883296717,0.15025130883296717,0.0019077459135026602,0.10673039632347964,1.4279976749583126e-05,0.00022558608368209484,0.0018943614727224248,0.0033939844613382914,1
TEST_96,B1_SNAPSHOT_WLS,0,6.667701587566809e-05,6.667701587566809e-05,0.006667701587566809,9.459125622312009e-05,0.0050429438997426955,3.3661545238216625e-05,3.295934930015821e-05,8.866333541875195e-05,0.00019352516820197698,25
TEST_96,B2_KALMAN,0,6.975539402434222e-05,6.975539402434222e-05,0.006975539402434222,9.696687502388029e-05,0.005244019715253588,3.032360048928903e-05,2.9083661417594362e-05,9.250251613033859e-05,0.0002689738902316601,26
TEST_97,B0_NOMINAL,0,0.0016641436833046655,0.0016641436833046655,0.16641436833046655,0.002380105491245571,0.13309180894510927,1.132481000563847e-05,0.0002730503068915918,0.0023643911857735653,0.004859328347155822,22
TEST_97,B1_SNAPSHOT_WLS,0,1.2577302007007484e-05,1.2577302007007484e-05,0.0012577302007007484,6.163654303182348e-05,0.003454149797522985,1.055927750597175e-05,1.3479346700145244e-05,6.0144581214363034e-05,6.969376381535603e-05,26
TEST_97,B2_KALMAN,0,2.0788965277799703e-07,2.0788965277799703e-07,2.0788965277799703e-05,9.06463280458301e-07,3.664753289195234e-05,6.376378456749204e-07,6.067340793537943e-07,6.734607900761024e-07,4.00877326913804e-07,26
TEST_98,B0_NOMINAL,0,0.0019006337341548687,0.0019006337341548687,0.19006337341548687,0.0025192317506478137,0.14091334683736306,1.4228326394901383e-05,0.00029665005313036906,0.0025017048905595952,0.004779070525891913,1
TEST_98,B1_SNAPSHOT_WLS,0,5.542507893110276e-05,5.542507893110276e-05,0.005542507893110276,8.59798762362183e-05,0.004622872956970538,2.8720173475551635e-05,2.8937809336302455e-05,8.096383333570134e-05,0.00017009249648695032,25
TEST_98,B2_KALMAN,0,5.46601829204482e-05,5.46601829204482e-05,0.00546601829204482,7.59468501250877e-05,0.004106426821054571,2.3795680074445826e-05,2.2834620217905146e-05,7.243275614959415e-05,0.00021148573016779878,26
TEST_99,B0_NOMINAL,0,0.0038083407591344657,0.0038083407591344657,0.3808340759134466,0.004993360930577211,0.2793186579360519,3.0103468516542883e-05,0.0005940803080423272,0.004957894913227917,0.009337158339374532,1
TEST_99,B1_SNAPSHOT_WLS,0,0.00012484560416246515,0.00012484560416246515,0.012484560416246515,0.00018695476197608355,0.010015599425255258,6.427996103482171e-05,6.40378199995111e-05,0.00017564521238919173,0.00038528544612164746,25
TEST_99,B2_KALMAN,0,0.0001259089620686117,0.0001259089620686117,0.01259089620686117,0.000174879280690126,0.00945200852539459,5.500420689458798e-05,5.2887500078107115e-05,0.0001666903571001757,0.0004887275607923412,26
