family,m,method,n,mean_TVE_percent,median_TVE_percent,p95_TVE_percent,bootstrap95_low_percent,bootstrap95_high_percent,mean_angle_RMSE_deg,mean_magnitude_RMSE,mean_coverage95
M1_NETWORK,0.0,B1,20,0.02507320094178474,0.016357611537189072,0.06901577140927462,0.01419269017455623,0.03692785093149935,0.021938294860167386,0.00013391547165712467,
M1_NETWORK,0.0,B2,20,0.024157922182724122,0.014744044384083058,0.06755875786478666,0.012218807472195434,0.0363086564544458,0.017994827501700398,0.00011402029983922059,0.9986529599432826
M1_NETWORK,0.0,B2-U2,20,0.024157922182724122,0.014744044384083058,0.06755875786478666,0.013395035690489806,0.03514633808451676,0.017994827501700398,0.00011402029983922059,0.5914569301666075
M1_NETWORK,0.25,B1,20,0.04260378839852308,0.04399127051148319,0.05757983100145949,0.03919745065831104,0.04607766209236869,0.03749649702196729,0.00027652762368298426,
M1_NETWORK,0.25,B2,20,0.04041705949183622,0.04453843060671871,0.05174727321883378,0.03645196467040761,0.04404934645800314,0.03324753975090849,0.0002677997608501645,0.9316731655441333
M1_NETWORK,0.25,B2-U2,20,0.04041705949183622,0.04453843060671871,0.05174727321883378,0.03672134206252091,0.04439879726822585,0.03324753975090849,0.0002677997608501645,0.40062034739454094
M1_NETWORK,0.5,B1,20,0.07501549365191454,0.07776974765142369,0.08821205897817004,0.06975304476680777,0.08024037443921415,0.06658599040376431,0.0004659393999164881,
M1_NETWORK,0.5,B2,20,0.07190833390377917,0.07643557894730366,0.08958000426872968,0.06377268767531913,0.07971146095658713,0.06292370891288607,0.0004603025930557382,0.8436192839418645
M1_NETWORK,0.5,B2-U2,20,0.07190833390377917,0.07643557894730366,0.08958000426872968,0.0642275477642194,0.07961157569210701,0.06292370891288607,0.0004603025930557382,0.1373449131513647
M1_NETWORK,0.75,B1,20,0.11530147837144421,0.12062183703683625,0.13195729429964326,0.10751898327544517,0.12299024418455257,0.0989625854216104,0.0006661353245328777,
M1_NETWORK,0.75,B2,20,0.11280635520439193,0.12025926660881059,0.1339264481748329,0.10283322632792433,0.12193796714791542,0.09615987431991428,0.0006609408813953988,0.7668734491315135
M1_NETWORK,0.75,B2-U2,20,0.11280635520439193,0.12025926660881059,0.1339264481748329,0.10325520648341642,0.12189548981512333,0.09615987431991428,0.0006609408813953988,0.0934597660404112
M1_NETWORK,1.0,B1,20,0.15763216732056104,0.16402366039298297,0.17543293298509222,0.14969535386991756,0.16490911260724125,0.13224129934072465,0.0008692092008987211,
M1_NETWORK,1.0,B2,20,0.1558972667894491,0.16389634959746963,0.17800051899756264,0.14574870065442416,0.1654029380276361,0.13013327986600134,0.0008633720612977547,0.5949131513647642
M1_NETWORK,1.0,B2-U2,20,0.1558972667894491,0.16389634959746963,0.17800051899756264,0.1457907328909474,0.16606470338258852,0.13013327986600134,0.0008633720612977547,0.07566465792272245
M1_NETWORK,1.25,B1,20,0.20026380454900997,0.20722443290096113,0.21864155354879727,0.19132246566963684,0.20893559758409763,0.16576972138407353,0.0010726314579899052,
M1_NETWORK,1.25,B2,20,0.19907287799950077,0.20729048342793704,0.22180480888365017,0.1885038146396562,0.20915909143890316,0.16423755154150194,0.001065637948835698,0.4202764976958525
M1_NETWORK,1.25,B2-U2,20,0.19907287799950077,0.20729048342793704,0.22180480888365017,0.18874132268895083,0.2090502662925229,0.16423755154150194,0.001065637948835698,0.053154909606522506
M1_NETWORK,1.5,B1,20,0.24285279912170274,0.25011834493351115,0.26165371886182154,0.23403518530938,0.2516263924162052,0.19932044015112194,0.0012754050202435506,
M1_NETWORK,1.5,B2,20,0.24207833386788177,0.2504303400978027,0.2653419139458438,0.23290414308679555,0.2523607270514791,0.19829334559979214,0.0012669792524345142,0.28192130450194963
M1_NETWORK,1.5,B2-U2,20,0.24207833386788177,0.2504303400978027,0.2653419139458438,0.23138445681186184,0.2523021622478294,0.19829334559979214,0.0012669792524345142,0.04228996809641971
M2_MACHINE,0.0,B1,20,0.02507320094178474,0.016357611537189072,0.06901577140927462,0.014783520924920843,0.03597973973644074,0.021938294860167386,0.00013391547165712467,
M2_MACHINE,0.0,B2,20,0.024157922182724122,0.014744044384083058,0.06755875786478666,0.013126603800580727,0.03607356598427859,0.017994827501700398,0.00011402029983922059,0.9986529599432826
M2_MACHINE,0.0,B2-U2,20,0.024157922182724122,0.014744044384083058,0.06755875786478666,0.012941886834728324,0.036088481044950285,0.017994827501700398,0.00011402029983922059,0.5914569301666075
M2_MACHINE,0.25,B1,20,0.025066770664702958,0.016351129536064893,0.06899980060166734,0.014197700845030418,0.037257573774127216,0.02192381446393664,0.00013386177476901428,
M2_MACHINE,0.25,B2,20,0.024157911004753202,0.014744115406330104,0.06755895078278135,0.01341395554790987,0.03515210278117178,0.017995293118241405,0.00011398460974075311,0.9986529599432826
M2_MACHINE,0.25,B2-U2,20,0.024157911004753202,0.014744115406330104,0.06755895078278135,0.012974274085839774,0.03562387050491432,0.017995293118241405,0.00011398460974075311,0.5914037575327897
M2_MACHINE,0.5,B1,20,0.025060376353028865,0.016344664669486652,0.06898392873108496,0.014352536688295987,0.036883493015551126,0.021909413551016343,0.00013380839293018694,
M2_MACHINE,0.5,B2,20,0.02415790086407506,0.014744185647321693,0.06755915604608291,0.013388842922825847,0.03710082642792738,0.017995743662874628,0.00011394928959858208,0.9986529599432826
M2_MACHINE,0.5,B2-U2,20,0.02415790086407506,0.014744185647321693,0.06755915604608291,0.013442485432938855,0.03585188397140485,0.017995743662874628,0.00011394928959858208,0.5914037575327897
M2_MACHINE,0.75,B1,20,0.025053999724468288,0.01633820079212274,0.06896810839100316,0.014075592142017987,0.036690081181883966,0.021895037390782433,0.00013375510916087394,
M2_MACHINE,0.75,B2,20,0.024157893127850424,0.014744255528169664,0.06755937996565663,0.013199210319820876,0.037042548323467796,0.017996175380779873,0.00011391429697147745,0.9986529599432826
M2_MACHINE,0.75,B2-U2,20,0.024157893127850424,0.014744255528169664,0.06755937996565663,0.012905057539957347,0.03630002294903057,0.017996175380779873,0.00011391429697147745,0.5914037575327897
M2_MACHINE,1.0,B1,20,0.025047624756202282,0.016331725422274807,0.06895229694794941,0.014564007368544536,0.0372898580552181,0.02188063940426619,0.00013370173263329053,
M2_MACHINE,1.0,B2,20,0.024157889267903025,0.01474432551801247,0.06755962912217227,0.011918088770934447,0.035405616117116644,0.017996585943287374,0.00011387958749228492,0.9986529599432826
M2_MACHINE,1.0,B2-U2,20,0.024157889267903025,0.01474432551801247,0.06755962912217227,0.012660728475968566,0.036798211172005546,0.017996585943287374,0.00011387958749228492,0.5914214817440623
M2_MACHINE,1.25,B1,20,0.025041239107249556,0.016325230577197945,0.06893646051964442,0.01427231306270396,0.037231342912080814,0.02186618504564405,0.00013364811788054977,
M2_MACHINE,1.25,B2,20,0.024157890709787102,0.014744396096281673,0.06755990942127788,0.012883133593960733,0.03586836087669173,0.017996974547031676,0.00011384512076363074,0.9986529599432826
M2_MACHINE,1.25,B2-U2,20,0.024157890709787102,0.014744396096281673,0.06755990942127788,0.013674811900624945,0.036094427213235344,0.017996974547031676,0.00011384512076363074,0.591439205955335
M2_MACHINE,1.5,B1,20,0.025034834768890627,0.01631871288555585,0.06892057603146712,0.01486857610956077,0.03632952998479032,0.021851653355163668,0.00013359417358362643,
M2_MACHINE,1.5,B2,20,0.024157898693215763,0.014744467715861366,0.06756022536808007,0.012919537721671943,0.036119309455456355,0.017997341785229135,0.00011381086443901247,0.9986529599432826
M2_MACHINE,1.5,B2-U2,20,0.024157898693215763,0.014744467715861366,0.06756022536808007,0.013710522383975082,0.036316749500657636,0.017997341785229135,0.00011381086443901247,0.5914214817440623
M3_GOVERNOR,0.0,B1,20,0.02507320094178474,0.016357611537189072,0.06901577140927462,0.014493390177654447,0.03647353603981226,0.021938294860167386,0.00013391547165712467,
M3_GOVERNOR,0.0,B2,20,0.024157922182724122,0.014744044384083058,0.06755875786478666,0.013438119099722486,0.03586864121564099,0.017994827501700398,0.00011402029983922059,0.9986529599432826
M3_GOVERNOR,0.0,B2-U2,20,0.024157922182724122,0.014744044384083058,0.06755875786478666,0.0131677045849421,0.03587937628513067,0.017994827501700398,0.00011402029983922059,0.5914569301666075
M3_GOVERNOR,0.25,B1,20,0.02507940425082656,0.01636242604599544,0.06903285121408877,0.013917479344065472,0.036442104918024104,0.021952671080153655,0.000133963014823197,
M3_GOVERNOR,0.25,B2,20,0.02415754005638364,0.01474387045725761,0.06755716990556215,0.012899529100243924,0.034650029248362184,0.017994116677803575,0.00011405075806657567,0.9986529599432826
M3_GOVERNOR,0.25,B2-U2,20,0.02415754005638364,0.01474387045725761,0.06755716990556215,0.013666522470526682,0.03561859816059494,0.017994116677803575,0.00011405075806657567,0.5914923785891527
M3_GOVERNOR,0.5,B1,20,0.025085007595811008,0.01636677041118777,0.06904828136843609,0.014758176801741189,0.03688303428195293,0.02196566143712244,0.00013400592832772454,
M3_GOVERNOR,0.5,B2,20,0.024157193335030774,0.014743712530420517,0.06755573214312051,0.012207426135045362,0.03610688957332908,0.017993473822429353,0.00011407829161292198,0.9986529599432826
M3_GOVERNOR,0.5,B2-U2,20,0.024157193335030774,0.014743712530420517,0.06755573214312051,0.013683161646685824,0.035342900575718365,0.017993473822429353,0.00011407829161292198,0.5914746543778802
M3_GOVERNOR,0.75,B1,20,0.025090088102646752,0.016370705509397194,0.06906227376168823,0.01438360165183002,0.036231079793124094,0.02197744348169201,0.00013404481067474098,
M3_GOVERNOR,0.75,B2,20,0.024156877546925595,0.014743568615580011,0.06755442532347002,0.013397282235314995,0.03537824726598008,0.017992890211553262,0.00011410327146761194,0.9986529599432826
M3_GOVERNOR,0.75,B2-U2,20,0.024156877546925595,0.014743568615580011,0.06755442532347002,0.0134161223156803,0.035606129573930494,0.017992890211553262,0.00011410327146761194,0.5914746543778802
M3_GOVERNOR,1.0,B1,20,0.025094710562454915,0.016374282435858763,0.06907500642030225,0.014362171075018646,0.03751474090282112,0.021988166469090655,0.00013408016425157758,
M3_GOVERNOR,1.0,B2,20,0.024156588929820498,0.014743437053713403,0.06755323317382839,0.013472039580570812,0.03514265500404982,0.017992358518324765,0.00011412601022579856,0.9986529599432826
M3_GOVERNOR,1.0,B2-U2,20,0.024156588929820498,0.014743437053713403,0.06755323317382839,0.012495974714358673,0.03629475135891433,0.017992358518324765,0.00011412601022579856,0.5914923785891528
M3_GOVERNOR,1.25,B1,20,0.025098929785231053,0.01637754438959359,0.06908662993303051,0.013472064554090852,0.03687677912631698,0.021997956735276762,0.0001341124136636014,
M3_GOVERNOR,1.25,B2,20,0.024156324303643176,0.014743316401136651,0.06755214206813187,0.012728075164425269,0.035361882481533505,0.017991872548867603,0.00011414677312974202,0.9986529599432826
M3_GOVERNOR,1.25,B2-U2,20,0.024156324303643176,0.014743316401136651,0.06755214206813187,0.012667615557202373,0.035417052179955666,0.017991872548867603,0.00011414677312974202,0.5915101028004254
M3_GOVERNOR,1.5,B1,20,0.025102792425073024,0.016380528076718276,0.0690972725068679,0.014675837041532079,0.03684661474582239,0.022006921874699974,0.00013414192008361894,
M3_GOVERNOR,1.5,B2,20,0.024156080965208573,0.014743205458041888,0.06755114039907585,0.012707850976426642,0.0366148417136099,0.017991427045175125,0.00011416578661402727,0.9986529599432826
M3_GOVERNOR,1.5,B2-U2,20,0.024156080965208573,0.014743205458041888,0.06755114039907585,0.013648727917086795,0.036338439395222126,0.017991427045175125,0.00011416578661402727,0.5915101028004254
M4_AVR,0.0,B1,20,0.02507320094178474,0.016357611537189072,0.06901577140927462,0.014183169640740961,0.03631569548428571,0.021938294860167386,0.00013391547165712467,
M4_AVR,0.0,B2,20,0.024157922182724122,0.014744044384083058,0.06755875786478666,0.013375831234585215,0.035642576096396913,0.017994827501700398,0.00011402029983922059,0.9986529599432826
M4_AVR,0.0,B2-U2,20,0.024157922182724122,0.014744044384083058,0.06755875786478666,0.013141744558228185,0.03582797654112034,0.017994827501700398,0.00011402029983922059,0.5914569301666075
M4_AVR,0.25,B1,20,0.025074408437769615,0.01635841422135979,0.06901930759591196,0.01472619379383954,0.036231761863459035,0.02194103439341638,0.00013392362604170826,
M4_AVR,0.25,B2,20,0.024157854675993698,0.014744010827735972,0.06755845866842344,0.012907847438281453,0.035621381315152155,0.01799465283514421,0.00011402711622973674,0.9986529599432826
M4_AVR,0.25,B2-U2,20,0.024157854675993698,0.014744010827735972,0.06755845866842344,0.013650612421260084,0.03588999284106919,0.01799465283514421,0.00011402711622973674,0.5914569301666075
M4_AVR,0.5,B1,20,0.025075582881896548,0.016359195089693822,0.06902274682705703,0.01388873300323487,0.0363983573693379,0.021943699154830985,0.00013393155939341625,
M4_AVR,0.5,B2,20,0.024157789122808884,0.014743978146392021,0.06755816852985393,0.013675192690877549,0.03516099526120564,0.017994483314787587,0.00011403374194837409,0.9986529599432826
M4_AVR,0.5,B2-U2,20,0.024157789122808884,0.014743978146392021,0.06755816852985393,0.013910464048836724,0.035835861769462095,0.017994483314787587,0.00011403374194837409,0.59147465437788
M4_AVR,0.75,B1,20,0.025076725597981183,0.01635995501825857,0.06902609298738724,0.014089731956623828,0.03675796338961568,0.021946292126219864,0.00013393928050226182,
M4_AVR,0.75,B2,20,0.024157725448232407,0.014743946298531645,0.06755788713149198,0.012922260186302867,0.03494147371179581,0.017994318725639398,0.00011404018498971998,0.9986529599432826
M4_AVR,0.75,B2-U2,20,0.024157725448232407,0.014743946298531645,0.06755788713149198,0.012740048625623314,0.035341686443854416,0.017994318725639398,0.00011404018498971998,0.59147465437788
M4_AVR,1.0,B1,20,0.02507783783611372,0.016360694814796746,0.0690293497560476,0.013542951211433178,0.03628496529999329,0.021948816129436537,0.00013394679769601175,
M4_AVR,1.0,B2,20,0.02415766357163647,0.014743915265256176,0.06755761409931006,0.013446798788582652,0.0348709880685989,0.017994158861165066,0.00011404645244997996,0.9986529599432826
M4_AVR,1.0,B2-U2,20,0.02415766357163647,0.014743915265256176,0.06755761409931006,0.012461978747215972,0.03560404945690606,0.017994158861165066,0.00011404645244997996,0.59147465437788
M4_AVR,1.25,B1,20,0.025078920783098237,0.016361415272190406,0.06903252062461326,0.013895731170344428,0.03534032335372514,0.02195127383975162,0.00013395411883372542,
M4_AVR,1.25,B2,20,0.02415760341940818,0.014743885004456805,0.06755734901425323,0.012976948563904037,0.036567099246268525,0.017994003526561803,0.00011405255141369946,0.9986529599432826
M4_AVR,1.25,B2-U2,20,0.02415760341940818,0.014743885004456805,0.06755734901425323,0.012499218577302984,0.03515600256649146,0.017994003526561803,0.00011405255141369946,0.59147465437788
M4_AVR,1.5,B1,20,0.025079975568798138,0.01636211711571354,0.0690356089006594,0.014271763039253519,0.036390226895271126,0.021953667807007336,0.00013396125146367425,
M4_AVR,1.5,B2,20,0.02415754492390424,0.01474385549882572,0.06755709160089138,0.012249559803427922,0.036087275742688364,0.017993852544154577,0.00011405848844214884,0.9986529599432826
M4_AVR,1.5,B2-U2,20,0.02415754492390424,0.01474385549882572,0.06755709160089138,0.012434779808591633,0.03540215845185708,0.017993852544154577,0.00011405848844214884,0.5914923785891527
M5_LOAD_MODEL,0.0,B1,20,0.02507320094178474,0.016357611537189072,0.06901577140927462,0.015142386775384733,0.03717991930346688,0.021938294860167386,0.00013391547165712467,
M5_LOAD_MODEL,0.0,B2,20,0.024157922182724122,0.014744044384083058,0.06755875786478666,0.012909696902418718,0.03632283154622884,0.017994827501700398,0.00011402029983922059,0.9986529599432826
M5_LOAD_MODEL,0.0,B2-U2,20,0.024157922182724122,0.014744044384083058,0.06755875786478666,0.012859820768825641,0.036794769144693054,0.017994827501700398,0.00011402029983922059,0.5914569301666075
M5_LOAD_MODEL,0.25,B1,20,0.02507839684534011,0.016360637988731264,0.06903090105740432,0.014058789593321802,0.03642055434588764,0.021942589766402232,0.00013394341463656673,
M5_LOAD_MODEL,0.25,B2,20,0.024162862103282806,0.014746811764849854,0.06757317658202755,0.013144922604018616,0.03536495741233517,0.017998574165867504,0.00011404469801871556,0.9986529599432826
M5_LOAD_MODEL,0.25,B2-U2,20,0.024162862103282806,0.014746811764849854,0.06757317658202755,0.012682935986714846,0.03561755265841372,0.017998574165867504,0.00011404469801871556,0.5913683091102445
M5_LOAD_MODEL,0.5,B1,20,0.025083599263451575,0.01636367663509123,0.06904603739704988,0.014875469389680124,0.03690822004221148,0.021946886717385528,0.00013397137054498896,
M5_LOAD_MODEL,0.5,B2,20,0.024167810540980557,0.01474958055909208,0.06758760146678627,0.013717486556482765,0.036584113812234816,0.01800232344616813,0.00011406911033687787,0.9986529599432826
M5_LOAD_MODEL,0.5,B2-U2,20,0.024167810540980557,0.01474958055909208,0.06758760146678627,0.013430714728689157,0.035632792680435954,0.01800232344616813,0.00011406911033687787,0.591350584898972
M5_LOAD_MODEL,0.75,B1,20,0.025088807824154253,0.01636672649872448,0.06906118043561595,0.014440080231655581,0.03764352778596814,0.02195118571493142,0.0001339993393764558,
M5_LOAD_MODEL,0.75,B2,20,0.024172767785298956,0.014752350775477908,0.06760203260349044,0.012675769768844545,0.03490931240851151,0.01800607533847014,0.00011409353691322068,0.9986352357320099
M5_LOAD_MODEL,0.75,B2-U2,20,0.024172767785298956,0.014752350775477908,0.06760203260349044,0.012687498181214818,0.037347256707847984,0.01800607533847014,0.00011409353691322068,0.5913151364764268
M5_LOAD_MODEL,1.0,B1,20,0.025094021616592584,0.016369785163479214,0.0690763301784883,0.013867308725982798,0.03583962861213739,0.021955486758751565,0.00013402732113334322,
M5_LOAD_MODEL,1.0,B2,20,0.02417773353163387,0.014755122411235942,0.06761646989650191,0.012701183090450168,0.035437650299475015,0.01800982984113383,0.0001141179776351859,0.9986352357320099
M5_LOAD_MODEL,1.0,B2-U2,20,0.02417773353163387,0.014755122411235942,0.06761646989650191,0.014136043714470161,0.03564998045640434,0.01800982984113383,0.0001141179776351859,0.5912442396313364
M5_LOAD_MODEL,1.25,B1,20,0.025099240070494758,0.016372851136718082,0.06909148663377346,0.013428658784044718,0.03629476451522947,0.02195978985355265,0.00013405531584403732,
M5_LOAD_MODEL,1.25,B2,20,0.024182707442338035,0.014757895462152155,0.06763091344092473,0.013634467001638997,0.03637030296918698,0.01801358694823829,0.00011414243266044327,0.9986175115207374
M5_LOAD_MODEL,1.25,B2-U2,20,0.024182707442338035,0.014757895462152155,0.06763091344092473,0.013925961787154969,0.03588539577202477,0.01801358694823829,0.00011414243266044327,0.5911733427862459
M5_LOAD_MODEL,1.5,B1,20,0.025104462818249927,0.01637592343736554,0.0691066497958092,0.01409938358319294,0.03734597695786399,0.021964095000165048,0.00013408332350849797,
M5_LOAD_MODEL,1.5,B2,20,0.024187689179483454,0.014760669942166628,0.06764536318973118,0.013156756279389384,0.034968992825430034,0.018017346661178903,0.00011416690193025469,0.9985997873094646
M5_LOAD_MODEL,1.5,B2-U2,20,0.024187689179483454,0.014760669942166628,0.06764536318973118,0.012481963619549879,0.035849227987908995,0.018017346661178903,0.00011416690193025469,0.5911556185749733
M6_OPERATING_POINT,0.0,B1,20,0.02507320094178474,0.016357611537189072,0.06901577140927462,0.014094788083711453,0.03718220575337339,0.021938294860167386,0.00013391547165712467,
M6_OPERATING_POINT,0.0,B2,20,0.024157922182724122,0.014744044384083058,0.06755875786478666,0.013397544219349508,0.035595516578501164,0.017994827501700398,0.00011402029983922059,0.9986529599432826
M6_OPERATING_POINT,0.0,B2-U2,20,0.024157922182724122,0.014744044384083058,0.06755875786478666,0.013198185665576657,0.03560424120899943,0.017994827501700398,0.00011402029983922059,0.5914569301666075
M6_OPERATING_POINT,0.25,B1,20,0.04129798409949585,0.032185571210798146,0.08499560382490019,0.03081908441669403,0.05247717240081369,0.0321021868906469,0.00021164889034275906,
M6_OPERATING_POINT,0.25,B2,20,0.042086276008336594,0.032485601337073206,0.08588171065530496,0.030709349173083968,0.05393105584604699,0.03138697454038181,0.0001977143175320527,0.9840482098546615
M6_OPERATING_POINT,0.25,B2-U2,20,0.042086276008336594,0.032485601337073206,0.08588171065530496,0.03070818008112157,0.05343146962202688,0.03138697454038181,0.0001977143175320527,0.4971995746189294
M6_OPERATING_POINT,0.5,B1,20,0.05821316723112327,0.04916170229876574,0.10134960615848328,0.04808785330115822,0.06993820216364428,0.0436766408195935,0.00029759616203503476,
M6_OPERATING_POINT,0.5,B2,20,0.060175135274778975,0.05051949944046483,0.10422955499374068,0.04877129719014402,0.07228894236474534,0.044925298367688604,0.00028365991204511957,0.9451081176887628
M6_OPERATING_POINT,0.5,B2-U2,20,0.060175135274778975,0.05051949944046483,0.10422955499374068,0.049487904962427956,0.07256290521417329,0.044925298367688604,0.00028365991204511957,0.17123360510457283
M6_OPERATING_POINT,0.75,B1,20,0.07529245731024281,0.06636769946832984,0.11798637580758313,0.06491616973968697,0.0854699031449771,0.055649042852783534,0.00038439977375709166,
M6_OPERATING_POINT,0.75,B2,20,0.0782663123017927,0.068553184362497,0.12258902719397206,0.06750997099444213,0.08995365126215925,0.05846322136970518,0.00036985596939115073,0.8509039347749026
M6_OPERATING_POINT,0.75,B2-U2,20,0.0782663123017927,0.068553184362497,0.12258902719397206,0.06748043044939012,0.0902089908445258,0.05846322136970518,0.00036985596939115073,0.08725629209500177
M6_OPERATING_POINT,1.0,B1,20,0.09247175106238849,0.08365756305693654,0.13483465479240347,0.08222253349265508,0.10353386729732006,0.06781036429840041,0.00047157717438246093,
M6_OPERATING_POINT,1.0,B2,20,0.09635703164317475,0.08658495482494012,0.14095395616873396,0.08504284195287627,0.10766345806516282,0.07199903682806466,0.00045622794682890583,0.7780397022332506
M6_OPERATING_POINT,1.0,B2-U2,20,0.09635703164317475,0.08658495482494012,0.14095395616873396,0.08555529870001674,0.1079029435489333,0.07199903682806466,0.00045622794682890583,0.07667493796526055
M6_OPERATING_POINT,1.25,B1,20,0.10971874196005722,0.10098611490180526,0.1518454120703931,0.09917665820112971,0.12116425971749539,0.08008138402620978,0.0005589765756875644,
M6_OPERATING_POINT,1.25,B2,20,0.1144461418238969,0.10461417980782173,0.1593211090041051,0.10301906535273321,0.12605741418186897,0.08553198405029981,0.0005427452397731954,0.6587734845799361
M6_OPERATING_POINT,1.25,B2-U2,20,0.1144461418238969,0.10461417980782173,0.1593211090041051,0.10331893643258523,0.1265421386807131,0.08553198405029981,0.0005427452397731954,0.0684154555122297
M6_OPERATING_POINT,1.5,B1,20,0.12701284761848555,0.1183330524316869,0.16898607927021636,0.1161467913267662,0.1382239916202663,0.09242306191813178,0.0006465271515523236,
M6_OPERATING_POINT,1.5,B2,20,0.13253306372360815,0.1226405871481615,0.17768864382638339,0.1213164824569386,0.14448184958714175,0.09906165140390137,0.0006293923262143844,0.5072669266217653
M6_OPERATING_POINT,1.5,B2-U2,20,0.13253306372360815,0.1226405871481615,0.17768864382638339,0.12055389263387382,0.14517394458144212,0.09906165140390137,0.0006293923262143844,0.05845444877702941
M7_COUPLED,0.0,B1,20,0.02507320094178474,0.016357611537189072,0.06901577140927462,0.014497128785436308,0.03632997517810553,0.021938294860167386,0.00013391547165712467,
M7_COUPLED,0.0,B2,20,0.024157922182724122,0.014744044384083058,0.06755875786478666,0.013639793751005512,0.03493214553601824,0.017994827501700398,0.00011402029983922059,0.9986529599432826
M7_COUPLED,0.0,B2-U2,20,0.024157922182724122,0.014744044384083058,0.06755875786478666,0.013205719136010633,0.034898472664986684,0.017994827501700398,0.00011402029983922059,0.5914569301666075
M7_COUPLED,0.25,B1,20,0.026099826455528146,0.017494340846531703,0.06936640089260114,0.015486154178210945,0.036832290117809044,0.02196682347161174,0.00014935373786527048,
M7_COUPLED,0.25,B2,20,0.025307167784995775,0.01589747439738446,0.0680221988764076,0.015081461763118845,0.0363042201827069,0.018196409168043087,0.00013343645970738692,0.9991846862814604
M7_COUPLED,0.25,B2-U2,20,0.025307167784995775,0.01589747439738446,0.0680221988764076,0.01431247910847818,0.036859871952492435,0.018196409168043087,0.00013343645970738692,0.5964551577454803
M7_COUPLED,0.5,B1,20,0.02737713737463651,0.018738102257701447,0.0697683257126621,0.016951356444849283,0.03776340405011944,0.022038795915300825,0.00017110252940416747,
M7_COUPLED,0.5,B2,20,0.026714630422347226,0.017342077562245314,0.06854779324521951,0.016290233535501866,0.038043687578667454,0.01852630360096619,0.00015786126408894426,1.0
M7_COUPLED,0.5,B2-U2,20,0.026714630422347226,0.017342077562245314,0.06854779324521951,0.016732863739651223,0.037812266798718,0.01852630360096619,0.00015786126408894426,0.5666253101736973
M7_COUPLED,0.75,B1,20,0.028703404976211492,0.020054226116477347,0.07021834185027223,0.01875172046970708,0.039773795120444294,0.022121767810091068,0.0001949987725989542,
M7_COUPLED,0.75,B2,20,0.0281627425317768,0.018842971105163874,0.0691314648841095,0.0187758070225151,0.03939684149612817,0.018867807931245168,0.0001838408779320878,1.0
M7_COUPLED,0.75,B2-U2,20,0.0281627425317768,0.018842971105163874,0.0691314648841095,0.018405092209321502,0.03965819016045434,0.018867807931245168,0.0001838408779320878,0.5193193902871323
M7_COUPLED,1.0,B1,20,0.030070543427454657,0.021432129137268364,0.07071362994416439,0.021025032000707686,0.040369316097537376,0.02221090031125017,0.00022038584244548666,
M7_COUPLED,1.0,B2,20,0.02964536558178297,0.02039156183765979,0.06976547151553646,0.019495796693783797,0.038966938663235265,0.019216332190442623,0.00021099578975972497,0.9985466146756469
M7_COUPLED,1.0,B2-U2,20,0.02964536558178297,0.02039156183765979,0.06976547151553646,0.020108083356155174,0.039217533897012345,0.019216332190442623,0.00021099578975972497,0.5126905352711804
M7_COUPLED,1.25,B1,20,0.03147426887710022,0.02286563501220133,0.07125175549533724,0.02251049349865169,0.04082504911995699,0.022305031046783795,0.0002469153049329838,
M7_COUPLED,1.25,B2,20,0.031159231830932343,0.021983234666827688,0.07044501018639263,0.021393415734505258,0.04068785194636663,0.019570876740665124,0.00023905866472547724,0.9960829493087558
M7_COUPLED,1.25,B2-U2,20,0.031159231830932343,0.021983234666827688,0.07044501018639263,0.02152207720225089,0.04060710246034198,0.019570876740665124,0.00023905866472547724,0.5086139666784827
M7_COUPLED,1.5,B1,20,0.03291182414002277,0.02435119615002148,0.07183065077918402,0.02446993651846873,0.042461132065483846,0.022403727050818126,0.000274347363436352,
M7_COUPLED,1.5,B2,20,0.03270212247267754,0.023614920178244545,0.07116698650992931,0.02414469511894458,0.04252319167100464,0.01993106897628006,0.00026783142019525094,0.9943637008153138
M7_COUPLED,1.5,B2-U2,20,0.03270212247267754,0.023614920178244545,0.07116698650992931,0.023724156025177127,0.043324157552937295,0.01993106897628006,0.00026783142019525094,0.4819213045019497
