case_id,family,m,seed,TVE_fraction_N0,TVE_fraction_O1,TVE_fraction_O2,angle_RMSE_deg_N0,angle_RMSE_deg_O1,angle_RMSE_deg_O2,Excess_N0_TVE_fraction,Excess_O1_TVE_fraction,Excess_O2_TVE_fraction,Recovery_Recenter_TVE_fraction,Recovery_Relinearize_TVE_fraction,Excess_N0_angle_RMSE_deg,Excess_O1_angle_RMSE_deg,Excess_O2_angle_RMSE_deg,Recovery_Recenter_angle_RMSE_deg,Recovery_Relinearize_angle_RMSE_deg
M1-NETWORK_m0p5_s1,M1_NETWORK,0.5,1,0.000890146165032,9.373070707276132e-07,5.047995347051544e-08,0.0707040731963806,0.0001071301081573,6.820099332227652e-06,0.0008900918862207,8.8302825937997e-07,-3.79885787712782e-09,0.9990079358400522,1.0000042679390029,0.0706967480794504,9.980499122717535e-05,-5.050175979351612e-07,0.9985882661658636,1.0000071434346225
M1-NETWORK_m0p5_s2,M1_NETWORK,0.5,2,0.0008902825950674,1.0779317760862489e-06,5.8017618187058274e-08,0.0707152785734749,0.0001232010292954,7.842683717319896e-06,0.0008902283162561,1.0236529647386056e-06,3.738806839415013e-09,0.9988501231133114,0.9999958001708426,0.0707079534565447,0.0001158759123653,5.175667871570829e-07,0.9983612039848316,0.999992680218252
M1-NETWORK_m1p0_s1,M1_NETWORK,1.0,1,0.0017692899122459,1.871925405968065e-06,5.0452282745628444e-08,0.1405846154468624,0.0002131045562503,6.825784944484879e-06,0.0017692356334345,1.8176465946204216e-06,-3.826528602014817e-09,0.998972637358037,1.000002162814568,0.1405772903299323,0.0002057794393201,-4.993319856779346e-07,0.9985361829151976,1.0000035520103177
M1-NETWORK_m1p0_s2,M1_NETWORK,1.0,2,0.0017695632110253,2.152751661354073e-06,5.7985794752185475e-08,0.1406070061763047,0.0002450734979912,7.849218040824296e-06,0.001769508932214,2.0984728500064297e-06,3.706983404542213e-09,0.99881409310131,0.9999979050778794,0.1405996810593745,0.000237748381061,5.241011106614834e-07,0.9983090403956134,0.9999962723876276
M1-NETWORK_m1p5_s1,M1_NETWORK,1.5,1,0.0026376282640158,2.7889897839973053e-06,5.0424877394970286e-08,0.2096531338211591,0.0003171061617067,6.831321474928334e-06,0.0026375739852044,2.734710972649662e-06,-3.8539339526729686e-09,0.9989631718435236,1.0000014611661985,0.209645808704229,0.0003097810447765,-4.937954552344794e-07,0.9985223599427469,1.0000023553795725
M1-NETWORK_m1p5_s2,M1_NETWORK,1.5,2,0.0026380357601972,3.2073839650061238e-06,5.795425247515263e-08,0.2096864865735994,0.0003646771414305,7.855580152710405e-06,0.0026379814813859,3.15310515365848e-06,3.675441127509377e-09,0.9988047280938448,0.9999986067221648,0.2096791614566693,0.0003573520245003,5.304632225475916e-07,0.9982957198892928,0.9999974701194966
M2-MACHINE_m0p5_s1,M2_MACHINE,0.5,1,4.9326307813452164e-08,4.9326307813452164e-08,4.6497856907208455e-08,6.642915394149626e-06,6.642915394149626e-06,6.407582901271188e-06,-4.952503534191097e-09,-4.952503534191097e-09,-7.780954440434806e-09,,,-6.822015360131871e-07,-6.822015360131871e-07,-9.175340288916252e-07,,
M2-MACHINE_m0p5_s2,M2_MACHINE,0.5,2,5.6689919229929546e-08,5.6689919229929546e-08,5.3440276619535385e-08,7.638931600866488e-06,7.638931600866488e-06,7.3683014982936786e-06,2.4111078822862917e-09,2.4111078822862917e-09,-8.385347281078757e-10,0.0,1.3477798460485102,3.1381467070367466e-07,3.1381467070367466e-07,4.3184568130865525e-08,0.0,0.86238830697739
M2-MACHINE_m1p0_s1,M2_MACHINE,1.0,1,4.81619955681166e-08,4.81619955681166e-08,4.302320882269863e-08,6.475117915398216e-06,6.475117915398216e-06,6.045436489331355e-06,-6.116815779526656e-09,-6.116815779526656e-09,-1.1255602524944625e-08,,,-8.499990147645975e-07,-8.499990147645975e-07,-1.2796804408314577e-06,,
M2-MACHINE_m1p0_s2,M2_MACHINE,1.0,2,5.535048800750152e-08,5.535048800750152e-08,4.9446671472891186e-08,7.445977187999237e-06,7.445977187999237e-06,6.951846780931289e-06,1.0716766598582671e-09,1.0716766598582671e-09,-4.832139874752075e-09,0.0,5.50895317193074,1.2086025783642398e-07,1.2086025783642398e-07,-3.732701492315241e-07,0.0,4.0884440916609615
M2-MACHINE_m1p5_s1,M2_MACHINE,1.5,1,4.701947426280331e-08,4.701947426280331e-08,3.998983117820383e-08,6.3113488528887085e-06,6.3113488528887085e-06,5.720826636387225e-06,-7.259337084839942e-09,-7.259337084839942e-09,-1.4288980169439422e-08,,,-1.0137680772741046e-06,-1.0137680772741046e-06,-1.6042902937755875e-06,,
M2-MACHINE_m1p5_s2,M2_MACHINE,1.5,2,5.4036522997152414e-08,5.4036522997152414e-08,4.5960613110118415e-08,7.25765731785471e-06,7.25765731785471e-06,6.57856045353775e-06,-2.4228835049084715e-10,-2.4228835049084715e-10,-8.318198237524846e-09,,,-6.745961230810338e-08,-6.745961230810338e-08,-7.465564766250627e-07,,
M3-GOVERNOR_m0p5_s1,M3_GOVERNOR,0.5,1,5.0514779559343625e-08,5.0514779559343625e-08,5.0504504251979545e-08,6.814626240504559e-06,6.814626240504559e-06,6.814320990434157e-06,-3.7640317882996295e-09,-3.7640317882996295e-09,-3.774307095663709e-09,,,-5.104906896582539e-07,-5.104906896582539e-07,-5.107959397286559e-07,,
M3-GOVERNOR_m0p5_s2,M3_GOVERNOR,0.5,2,5.8057627352336443e-08,5.8057627352336443e-08,5.804580920857047e-08,7.836387104197796e-06,7.836387104197796e-06,7.836035989249718e-06,3.7788160046931825e-09,3.7788160046931825e-09,3.7669978609272115e-09,0.0,0.0031274726663836,5.112701740349834e-07,5.112701740349834e-07,5.10919059086905e-07,0.0,0.0006867503052395
M3-GOVERNOR_m1p0_s1,M3_GOVERNOR,1.0,1,5.0520113612379745e-08,5.0520113612379745e-08,5.050135148818125e-08,6.81490636788526e-06,6.81490636788526e-06,6.814349760571738e-06,-3.7586977352635155e-09,-3.7586977352635155e-09,-3.777459859462003e-09,,,-5.10210562277553e-07,-5.10210562277553e-07,-5.107671695910749e-07,,
M3-GOVERNOR_m1p0_s2,M3_GOVERNOR,1.0,2,5.8063764374068914e-08,5.8063764374068914e-08,5.80421850821611e-08,7.836709494246929e-06,7.836709494246929e-06,7.836069255421641e-06,3.784953026425653e-09,3.784953026425653e-09,3.763373734517844e-09,0.0,0.0057013367820282,5.115925640841155e-07,5.115925640841155e-07,5.109523252588283e-07,0.0,0.0012514623359183
M3-GOVERNOR_m1p5_s1,M3_GOVERNOR,1.5,1,5.052432658404957e-08,5.052432658404957e-08,5.0498466341893047e-08,6.8151274954478844e-06,6.8151274954478844e-06,6.814361133476308e-06,-3.754484763593694e-09,-3.754484763593694e-09,-3.780345005750214e-09,,,-5.099894347149286e-07,-5.099894347149286e-07,-5.107557966865054e-07,,
M3-GOVERNOR_m1p5_s2,M3_GOVERNOR,1.5,2,5.806858327868265e-08,5.806858327868265e-08,5.8038840057015816e-08,7.836961038712612e-06,7.836961038712612e-06,7.836079527908023e-06,3.789771931039391e-09,3.789771931039391e-09,3.760028709372561e-09,0.0,0.0078482880257843,5.118441085497992e-07,5.118441085497992e-07,5.109625977452099e-07,0.0,0.0017222251655624
M4-AVR_m0p5_s1,M4_AVR,0.5,1,5.049186401720087e-08,5.049186401720087e-08,5.06021650301893e-08,6.813919186220111e-06,6.813919186220111e-06,6.81599489126083e-06,-3.786947330442388e-09,-3.786947330442388e-09,-3.6766463174539532e-09,,,-5.111977439427022e-07,-5.111977439427022e-07,-5.09122038901983e-07,,
M4-AVR_m0p5_s2,M4_AVR,0.5,2,5.8031291530747174e-08,5.8031291530747174e-08,5.8158045691332266e-08,7.83557294529126e-06,7.83557294529126e-06,7.837960100280646e-06,3.752480183103913e-09,3.752480183103913e-09,3.879234343689011e-09,0.0,-0.0337787688142436,5.104560151284464e-07,5.104560151284464e-07,5.128431701178334e-07,0.0,-0.0046765145647
M4-AVR_m1p0_s1,M4_AVR,1.0,1,5.0477018093191215e-08,5.0477018093191215e-08,5.0688456146610514e-08,6.81360018101591e-06,6.81360018101591e-06,6.817623247437976e-06,-3.801793254452039e-09,-3.801793254452039e-09,-3.5903552010327405e-09,,,-5.115167491469032e-07,-5.115167491469032e-07,-5.07493682724837e-07,,
M4-AVR_m1p0_s2,M4_AVR,1.0,2,5.8014229454942994e-08,5.8014229454942994e-08,5.825720766439963e-08,7.835206702894508e-06,7.835206702894508e-06,7.839833410926951e-06,3.735418107299739e-09,3.735418107299739e-09,3.978396316756366e-09,0.0,-0.0650471252419642,5.100897727316952e-07,5.100897727316952e-07,5.14716480764138e-07,0.0,-0.0090703799209017
M4-AVR_m1p5_s1,M4_AVR,1.5,1,5.046323846017532e-08,5.046323846017532e-08,5.07682598242622e-08,6.813303273701505e-06,6.813303273701505e-06,6.819163366535011e-06,-3.815572887467933e-09,-3.815572887467933e-09,-3.5105515233810526e-09,,,-5.11813656461308e-07,-5.11813656461308e-07,-5.059535636278023e-07,,
M4-AVR_m1p5_s2,M4_AVR,1.5,2,5.79983971413584e-08,5.79983971413584e-08,5.834891949725949e-08,7.834865845164184e-06,7.834865845164184e-06,7.841605220645474e-06,3.7195857937151478e-09,3.7195857937151478e-09,4.070108149616231e-09,0.0,-0.0942369326427015,5.097489150013706e-07,5.097489150013706e-07,5.164882904826611e-07,0.0,-0.0132209707229538
M5-LOAD-MODEL_m0p5_s1,M5_LOAD_MODEL,0.5,1,4.9871947925152756e-08,4.9871947925152756e-08,5.052189922021759e-08,6.605166178010662e-06,6.605166178010662e-06,6.812513436766292e-06,-4.406863422490505e-09,-4.406863422490505e-09,-3.7569121274256615e-09,,,-7.199507521521508e-07,-7.199507521521508e-07,-5.126034933965214e-07,,
M5-LOAD-MODEL_m0p5_s2,M5_LOAD_MODEL,0.5,2,5.732220918102619e-08,5.732220918102619e-08,5.806566249077469e-08,7.595542721483383e-06,7.595542721483383e-06,7.833917551708025e-06,3.043397833382939e-09,3.043397833382939e-09,3.7868511431314305e-09,0.0,-0.2442839715509996,2.704257913205699e-07,2.704257913205699e-07,5.08800621545212e-07,0.0,-0.8814796438630601
M5-LOAD-MODEL_m1p0_s1,M5_LOAD_MODEL,1.0,1,4.993307973480218e-08,4.993307973480218e-08,5.0535783542173915e-08,6.438324001986995e-06,6.438324001986995e-06,6.810739038043884e-06,-4.345731612841084e-09,-4.345731612841084e-09,-3.743027805469346e-09,,,-8.867929281758181e-07,-8.867929281758181e-07,-5.143778921189289e-07,,
M5-LOAD-MODEL_m1p0_s2,M5_LOAD_MODEL,1.0,2,5.7395744012439874e-08,5.7395744012439874e-08,5.8081470613407635e-08,7.403673156617729e-06,7.403673156617729e-06,7.831838257854135e-06,3.116932664796613e-09,3.116932664796613e-09,3.802659265764374e-09,0.0,-0.2200004538797138,7.855622645491579e-08,7.855622645491579e-08,5.067213276913217e-07,0.0,-5.450428572738716
M5-LOAD-MODEL_m1p5_s1,M5_LOAD_MODEL,1.5,1,5.0607125147107495e-08,5.0607125147107495e-08,5.054956195467228e-08,6.317244300605701e-06,6.317244300605701e-06,6.80894185750969e-06,-3.671686200535765e-09,-3.671686200535765e-09,-3.7292493929709806e-09,,,-1.007872629557112e-06,-1.007872629557112e-06,-5.16175072653123e-07,,
M5-LOAD-MODEL_m1p5_s2,M5_LOAD_MODEL,1.5,2,5.817361535187796e-08,5.817361535187796e-08,5.809715349230693e-08,7.264389582633036e-06,7.264389582633036e-06,7.829731431010878e-06,3.894804004234701e-09,3.894804004234701e-09,3.818342144663671e-09,0.0,0.0196317605424809,-6.072734752977707e-08,-6.072734752977707e-08,5.046145008480645e-07,,
M6-OPERATING-POINT_m0p5_s1,M6_OPERATING_POINT,0.5,1,0.0003571492604985,6.56843676814874e-08,5.05491921292725e-08,0.0267949437639571,8.272363284705918e-06,6.818627415229769e-06,0.0003570949816871,1.1405556333844148e-08,-3.729619218370754e-09,0.9999680601606892,1.0000104443338875,0.026787618647027,9.472463545431052e-07,-5.064895149330441e-07,0.9999646386501532,1.0000189075976331
M6-OPERATING-POINT_m0p5_s2,M6_OPERATING_POINT,0.5,2,0.0003571526335896,7.551094188082022e-08,5.8097169626931e-08,0.0267954327209054,9.512822465844043e-06,7.840984093892723e-06,0.0003570983547783,2.1232130533176972e-08,3.8183582792877365e-09,0.9999405426257246,0.9999893072644324,0.0267881076039753,2.18770553568123e-06,5.158671637299095e-07,0.9999183329569964,0.9999807426798728
M6-OPERATING-POINT_m1p0_s1,M6_OPERATING_POINT,1.0,1,0.0007141397099079,9.021938921808077e-08,5.059069491813303e-08,0.0535807642311357,1.0098401746458028e-05,6.823018964984927e-06,0.0007140854310965,3.5940577870437525e-08,-3.688116429510228e-09,0.9999496690783688,1.000005164811196,0.0535734391142055,2.773284816295215e-06,-5.020979651778862e-07,0.9999482339595488,1.0000093721436123
M6-OPERATING-POINT_m1p0_s2,M6_OPERATING_POINT,1.0,2,0.0007141434955085,1.0373413829233921e-07,5.8144874561954594e-08,0.053581324739921,1.1612825932492116e-05,7.846032999662445e-06,0.0007140892166972,4.945532694469593e-08,3.8660632143113404e-09,0.9999307434900454,0.999994586022133,0.0535739996229908,4.287709002329304e-06,5.209160694996318e-07,0.9999199666063296,0.9999902767000192
M6-OPERATING-POINT_m1p5_s1,M6_OPERATING_POINT,1.5,1,0.0010709994192564,1.1741398385679417e-07,5.0632407436810755e-08,0.0803606741761006,1.2124608411192752e-05,6.827437727980244e-06,0.0010709451404451,6.313517250915091e-08,-3.646403910832505e-09,0.9999410472393732,1.0000034048465911,0.0803533490591705,4.799491481029939e-06,-4.976792021825687e-07,0.9999402701749556,1.0000061936335949
M6-OPERATING-POINT_m1p5_s2,M6_OPERATING_POINT,1.5,2,0.0010710036170357,1.350108471149097e-07,5.8192805533873774e-08,0.0803613058528376,1.3943022231441116e-05,7.851111247920134e-06,0.0010709493382244,8.073203576726644e-08,3.9139941862305134e-09,0.99992461638204,0.9999963453040712,0.0803539807359074,6.617905301278303e-06,5.259943177573205e-07,0.999917640604228,0.9999934540353452
M7-COUPLED_m0p5_s1,M7_COUPLED,0.5,1,4.722074300768992e-05,8.033782688162796e-08,4.8350053126237065e-08,0.0019299382309883,7.907664730314786e-06,6.592949619246264e-06,4.716646419634228e-05,2.6059015533984707e-08,-5.928758221406189e-09,0.9994475096664972,1.000125698593745,0.0019226131140581,5.825478001519726e-07,-7.321673109165487e-07,0.9996970020666704,1.000380818847829
M7-COUPLED_m0p5_s2,M7_COUPLED,0.5,2,4.722904536116656e-05,9.236938946376133e-08,5.556923681249482e-08,0.0019301461474208,9.093490873860428e-06,7.581466164788447e-06,4.717476654981892e-05,3.8090578116118064e-08,1.2904254648515556e-09,0.999192564565722,0.9999726458537216,0.0019228210304907,1.7683739436976154e-06,2.5634923462563385e-07,0.9990803231732668,0.9998666806579704
M7-COUPLED_m1p0_s1,M7_COUPLED,1.0,1,9.443276478333422e-05,1.223956012883399e-07,4.635356558176648e-08,0.0038578272436993,9.20301059911979e-06,6.3852581259479714e-06,9.437848597198657e-05,6.811678994069662e-08,-7.92524576587677e-09,0.9992782593486303,1.0000839730123263,0.0038505021267692,1.8778936689569776e-06,-9.398588042148416e-07,0.99951229901786,1.0002440873354363
M7-COUPLED_m1p0_s2,M7_COUPLED,1.0,2,9.444809386459832e-05,1.407427445976998e-07,5.327436528752836e-08,0.0038580863503317,1.0583215338353586e-05,7.342628394118605e-06,9.439381505325068e-05,8.646393325005656e-08,-1.004446060114891e-09,0.999084008489314,1.0000106410156169,0.0038507612334016,3.2580984081907725e-06,1.7511463955791993e-08,0.99915390796502,0.9999954524669554
M7-COUPLED_m1p5_s1,M7_COUPLED,1.5,1,0.0001416426518924,1.6504051007997854e-07,4.450216106031452e-08,0.0057846859393013,1.0606959211793524e-05,6.189954007394425e-06,0.0001415883730811,1.1076169873233529e-07,-9.776650287328733e-09,0.9992177203797032,1.0000690498101967,0.0057773608223711,3.281842281630711e-06,-1.1351629227683882e-06,0.9994319478421838,1.0001964846852516
M7-COUPLED_m1p5_s2,M7_COUPLED,1.5,2,0.0001416647336027,1.897870406929585e-07,5.114636360073256e-08,0.0057849956214138,1.2197806343269648e-05,7.118037238778717e-06,0.0001416104547914,1.3550822934531522e-07,-3.1324477469106996e-09,0.9990430916308763,1.0000221201729176,0.0057776705044837,4.872689413106835e-06,-2.070796913840958e-07,0.9991566342508932,1.0000358413812669
