case_id,family,m,R0_TVE_percent,R1_TVE_percent,R2A_TVE_percent,oracle_gap,closure,status
M1-NETWORK_m0p0_s201_EA,M1_NETWORK,0.0,0.03843856459803053,0.0012173761852464172,0.03660508949208578,0.00037221188412784115,0.04925890827588455,OK
M1-NETWORK_m0p0_s202_EB,M1_NETWORK,0.0,6.390785224751081e-05,6.390785224751081e-05,0.0018300118783198818,0.0,,NOT_IDENTIFIABLE_LOW_GAP
M1-NETWORK_m0p0_s203_EC,M1_NETWORK,0.0,0.00026986692433311423,4.20635222973474e-06,0.00026701240970314035,2.656605721033795e-06,0.010744969068511575,OK
M1-NETWORK_m0p0_s204_ED,M1_NETWORK,0.0,0.02893037644237568,0.00042521267649720917,0.02765087263016243,0.0002850516376587847,0.04488673781081226,OK
M1-NETWORK_m0p0_s205_EA,M1_NETWORK,0.0,0.0479936170822202,0.001921318530643542,0.045662698033958705,0.0004607229855157666,0.05059263638978418,OK
M1-NETWORK_m0p0_s206_EB,M1_NETWORK,0.0,9.727200485177069e-05,9.727200485177069e-05,0.002260088609797971,0.0,,NOT_IDENTIFIABLE_LOW_GAP
M1-NETWORK_m0p0_s207_EC,M1_NETWORK,0.0,0.00034182949347468455,5.319474712706186e-06,0.0003382163339588611,3.3651001876197835e-06,0.010737152876209275,OK
M1-NETWORK_m0p0_s208_ED,M1_NETWORK,0.0,0.0337371194912127,0.0005824247664772838,0.032238931138067826,0.0003315469472473541,0.0451878192691405,OK
M1-NETWORK_m0p0_s209_EA,M1_NETWORK,0.0,0.05753898812955717,0.0027868799162859012,0.054687592853346935,0.0005475210821327127,0.052078273682237726,OK
M1-NETWORK_m0p0_s210_EB,M1_NETWORK,0.0,0.0001378140798451142,0.0001378140798451142,0.002690167216800248,0.0,,NOT_IDENTIFIABLE_LOW_GAP
M1-NETWORK_m0p0_s211_EC,M1_NETWORK,0.0,0.00041379125285230414,6.429043289258604e-06,0.0004094205212584537,4.0736220956304556e-06,0.010729349682531154,OK
M1-NETWORK_m0p0_s212_ED,M1_NETWORK,0.0,0.038540195726037785,0.0007659122846814824,0.03682138170246526,0.000377742834413563,0.04550222709693333,OK
M1-NETWORK_m0p0_s213_EA,M1_NETWORK,0.0,0.06708143438279741,0.003813887752223567,0.06368329111499889,0.0006326754663057385,0.05371068500001533,OK
M1-NETWORK_m0p0_s214_EB,M1_NETWORK,0.0,0.0001855714072793538,0.0001855714072793538,0.0031203425213154902,0.0,,NOT_IDENTIFIABLE_LOW_GAP
M1-NETWORK_m0p0_s215_EC,M1_NETWORK,0.0,0.0004857521942115623,7.535065573679929e-06,0.0004806249725382204,4.782171286378824e-06,0.010721534981287544,OK
M1-NETWORK_m0p0_s216_ED,M1_NETWORK,0.0,0.043339845665039775,0.0009756791938096435,0.041398312944508346,0.0004236416647123013,0.04582959803658451,OK
M1-NETWORK_m0p0_s217_EA,M1_NETWORK,0.0,0.07662790402258206,0.005002208399008377,0.07265463046208502,0.0007162569562357368,0.05547273957908135,OK
M1-NETWORK_m0p0_s218_EB,M1_NETWORK,0.0,0.0002405663106547451,0.0002405663106547451,0.003550709118261769,0.0,,NOT_IDENTIFIABLE_LOW_GAP
M1-NETWORK_m0p0_s219_EC,M1_NETWORK,0.0,0.0005577123257904518,8.637569683277391e-06,0.0005518296883649751,5.490747561071744e-06,0.010713727702914885,OK
M1-NETWORK_m0p0_s220_ED,M1_NETWORK,0.0,0.04813631426908849,0.0012117196222136398,0.045969815553971845,0.0004692459464687485,0.04616979073384347,OK
M1-NETWORK_m0p5_s201_EA,M1_NETWORK,0.5,0.0563917471081229,0.0016210407178878098,0.05956402802679451,0.0005477070639023509,-0.057919298978352886,OK
M1-NETWORK_m0p5_s202_EB,M1_NETWORK,0.5,0.08929769282035006,0.0005182992379716166,0.08884193678189482,0.0008877939358237845,0.005133579089299997,OK
M1-NETWORK_m0p5_s203_EC,M1_NETWORK,0.5,0.08890008909962437,1.0119265150755831e-05,0.08887737845858584,0.0008888996983447361,0.00025549160474243776,OK
M1-NETWORK_m0p5_s204_ED,M1_NETWORK,0.5,0.06401566959938873,0.0007535391567282297,0.06565033038543308,0.000632621304426605,-0.025839483662757335,OK
M1-NETWORK_m0p5_s205_EA,M1_NETWORK,0.5,0.05023896367507987,0.0023165356108701116,0.05486365748421424,0.00047922428064209755,-0.09650374565616529,OK
M1-NETWORK_m0p5_s206_EB,M1_NETWORK,0.5,0.08938762949530445,0.0006534639148441996,0.08883406884118333,0.0008873416558046025,0.006238416178255118,OK
M1-NETWORK_m0p5_s207_EC,M1_NETWORK,0.5,0.08888882214928166,1.28139402070009e-05,0.0888625696326151,0.0008887600820907466,0.0002953836158437867,OK
M1-NETWORK_m0p5_s208_ED,M1_NETWORK,0.5,0.06011126066555628,0.0009045610212653269,0.06213844798444409,0.0005920669964429096,-0.03423915420158501,OK
M1-NETWORK_m0p5_s209_EA,M1_NETWORK,0.5,0.04771208834407727,0.003162256460448704,0.05296689048858756,0.00044549831883628567,-0.11795335520539536,OK
M1-NETWORK_m0p5_s210_EB,M1_NETWORK,0.5,0.08948009392264215,0.0007941562618282982,0.08883186781488692,0.0008868593766081386,0.007309232160733658,OK
M1-NETWORK_m0p5_s211_EC,M1_NETWORK,0.5,0.0888776329890306,1.5506842849227424e-05,0.0888478397810095,0.0008886212614618137,0.0003352745349811673,OK
M1-NETWORK_m0p5_s212_ED,M1_NETWORK,0.5,0.056482537109550035,0.0010741325752287785,0.05891821926694758,0.0005540840453432126,-0.043958713084561445,OK
M1-NETWORK_m0p5_s213_EA,M1_NETWORK,0.5,0.051014228883051245,0.00415279596916951,0.05509927353505404,0.00046861432913881734,-0.08717284978267666,OK
M1-NETWORK_m0p5_s214_EB,M1_NETWORK,0.5,0.08957512256669177,0.0009405270852925296,0.08883556566938104,0.0008863459548139925,0.00834388528874074,OK
M1-NETWORK_m0p5_s215_EC,M1_NETWORK,0.5,0.0888665216902658,1.819845850780284e-05,0.08883318897627163,0.0008884832323175801,0.00037516424375542723,OK
M1-NETWORK_m0p5_s216_ED,M1_NETWORK,0.5,0.05313534584963819,0.0012658355702138393,0.056091883890378454,0.0005186951027942435,-0.05699953642926664,OK
M1-NETWORK_m0p5_s217_EA,M1_NETWORK,0.5,0.05708130015886706,0.005288668508590695,0.05991051384817427,0.0005179263165027636,-0.054625795198265784,OK
M1-NETWORK_m0p5_s218_EB,M1_NETWORK,0.5,0.0896727566074498,0.001092701621207917,0.08884539873895587,0.0008858005498624188,0.00934022753341511,OK
M1-NETWORK_m0p5_s219_EC,M1_NETWORK,0.5,0.08885548829521858,2.0888364000183003e-05,0.08881861726334686,0.000888345999312184,0.0004150526022548377,OK
M1-NETWORK_m0p5_s220_ED,M1_NETWORK,0.5,0.05018168704639269,0.0014825434724429997,0.05374149676877293,0.00048699143573949693,-0.07309799436153654,OK
M1-NETWORK_m1p0_s201_EA,M1_NETWORK,1.0,0.14224741329277338,0.0027175349896612438,0.14467380572210503,0.0013952987830311214,-0.017389769552157083,OK
M1-NETWORK_m1p0_s202_EB,M1_NETWORK,1.0,0.177479552846383,0.0009930056028009111,0.17699889587348688,0.001764865472435821,0.0027234765504972835,OK
M1-NETWORK_m1p0_s203_EC,M1_NETWORK,1.0,0.17675094954073095,1.7817897099168916e-05,0.1767189116010965,0.0017673313164363177,0.00018127862804483816,OK
M1-NETWORK_m1p0_s204_ED,M1_NETWORK,1.0,0.15108502531338272,0.0014558317887012192,0.15249075413669289,0.0014962919352468152,-0.009394749715591393,OK
M1-NETWORK_m1p0_s205_EA,M1_NETWORK,1.0,0.1339626187311058,0.0035131369431763296,0.1370924582660972,0.0013044948178792947,-0.023992732604944708,OK
M1-NETWORK_m1p0_s206_EB,M1_NETWORK,1.0,0.17764777392166756,0.0012387028522501632,0.1770607568628397,0.001764090710694174,0.0033275899888212967,OK
M1-NETWORK_m1p0_s207_EC,M1_NETWORK,1.0,0.17674007078469978,2.256591678696688e-05,0.17670448291275612,0.001767175048679128,0.000201382833977135,OK
M1-NETWORK_m1p0_s208_ED,M1_NETWORK,1.0,0.14688229125797275,0.0016973791830133256,0.14854565956631055,0.0014518491207495942,-0.011456895104079323,OK
M1-NETWORK_m1p0_s209_EA,M1_NETWORK,1.0,0.12590366443838122,0.00440583274851579,0.1298049921008146,0.0012149783168986543,-0.03211026574031261,OK
M1-NETWORK_m1p0_s210_EB,M1_NETWORK,1.0,0.1778184925574071,0.0014894091451889593,0.17712612356383706,0.0017632908341221813,0.003926572861219022,OK
M1-NETWORK_m1p0_s211_EC,M1_NETWORK,1.0,0.17672923190680911,2.7312459901116104e-05,0.17669009445291042,0.00176701919446908,0.00022148856119495438,OK
M1-NETWORK_m1p0_s212_ED,M1_NETWORK,1.0,0.14270942607335718,0.0019438757872968686,0.14463843467366694,0.001407655502860603,-0.013703698073780657,OK
M1-NETWORK_m1p0_s213_EA,M1_NETWORK,1.0,0.11818559944930972,0.005421764591121477,0.12295228855121318,0.0011276383485818824,-0.042271434878904654,OK
M1-NETWORK_m1p0_s214_EB,M1_NETWORK,1.0,0.17799172998771315,0.0017452734879199088,0.1771950748725415,0.0017624645649979324,0.0045201198991060105,OK
M1-NETWORK_m1p0_s215_EC,M1_NETWORK,1.0,0.17671843293719697,3.205756166540805e-05,0.1766757462515592,0.0017668637537553156,0.0002415957967727817,OK
M1-NETWORK_m1p0_s216_ED,M1_NETWORK,1.0,0.1385701883777887,0.0021978845645807604,0.14077414285422127,0.0013637230381320794,-0.016161305593629667,OK
M1-NETWORK_m1p0_s217_EA,M1_NETWORK,1.0,0.11117841241244303,0.006599000558566744,0.11686552919630101,0.0010457941185387629,-0.05438084497744466,OK
M1-NETWORK_m1p0_s218_EB,M1_NETWORK,1.0,0.17816751018470328,0.002006425640459162,0.17726769201875942,0.0017616108454424414,0.0051079281685387865,OK
M1-NETWORK_m1p0_s219_EC,M1_NETWORK,1.0,0.1767076738815565,3.680121741266939e-05,0.17666143831738335,0.0017667087266414385,0.0002617045100641056,OK
M1-NETWORK_m1p0_s220_ED,M1_NETWORK,1.0,0.1344692778936004,0.0024621268038554573,0.1369591613195164,0.0013200715108974493,-0.018861731393803795,OK
M1-NETWORK_m1p5_s201_EA,M1_NETWORK,1.5,0.22798885425431847,0.003971254547568625,0.23027244066891958,0.0022401759970674985,-0.010193781281427991,OK
M1-NETWORK_m1p5_s202_EB,M1_NETWORK,1.5,0.26458489777202054,0.0014635504899933882,0.2640895703430639,0.0026312134728202715,0.001882505673041024,OK
M1-NETWORK_m1p5_s203_EC,M1_NETWORK,1.5,0.2635293341845096,2.5642222109773444e-05,0.2634880859883045,0.0026350369196239984,0.00015653745075793404,OK
M1-NETWORK_m1p5_s204_ED,M1_NETWORK,1.5,0.23737273199359865,0.002191476021405112,0.23872385140177918,0.0023518125597219355,-0.0057450131499436775,OK
M1-NETWORK_m1p5_s205_EA,M1_NETWORK,1.5,0.21932734319519012,0.00501127831341194,0.222210310927332,0.002143160648817782,-0.013451944135555999,OK
M1-NETWORK_m1p5_s206_EB,M1_NETWORK,1.5,0.26483051897116483,0.0018194914277634194,0.2642260219628977,0.0026301102754340143,0.002298371341739263,OK
M1-NETWORK_m1p5_s207_EC,M1_NETWORK,1.5,0.263518946757596,3.2476986130753294e-05,0.263474143060123,0.0026348646977146528,0.00017004173881067012,OK
M1-NETWORK_m1p5_s208_ED,M1_NETWORK,1.5,0.2330623539289414,0.0025475738768245726,0.2346504629403575,0.002305147800521168,-0.006889402107131929,OK
M1-NETWORK_m1p5_s209_EA,M1_NETWORK,1.5,0.21078775768254362,0.0061115053362259895,0.21427804779794707,0.002046762523463176,-0.017052736091228534,OK
M1-NETWORK_m1p5_s210_EB,M1_NETWORK,1.5,0.2650786332380301,0.002180192076446957,0.26436534147393104,0.0026289844116158317,0.0027131836953749357,OK
M1-NETWORK_m1p5_s211_EC,M1_NETWORK,1.5,0.26350858661006527,3.931041582345529e-05,0.2634602274829932,0.002634692761942418,0.00018354750037880458,OK
M1-NETWORK_m1p5_s212_ED,M1_NETWORK,1.5,0.22877022732404959,0.002905129454219959,0.2305976497624456,0.002258650978698296,-0.008090769470939669,OK
M1-NETWORK_m1p5_s213_EA,M1_NETWORK,1.5,0.2023928683143825,0.007288403900240331,0.20649980315503866,0.0019510446441414215,-0.021049927550291798,OK
M1-NETWORK_m1p5_s214_EB,M1_NETWORK,1.5,0.2653292564437624,0.002545786409570542,0.2645075758725539,0.002627834700341918,0.0031268350749060797,OK
M1-NETWORK_m1p5_s215_EC,M1_NETWORK,1.5,0.26349825375997254,4.614241032920159e-05,0.2634463392747353,0.002634521113496433,0.0001970547321533271,OK
M1-NETWORK_m1p5_s216_ED,M1_NETWORK,1.5,0.22449755657952208,0.0032646726765109455,0.22656674423471587,0.0022123288390301114,-0.00935298414362729,OK
M1-NETWORK_m1p5_s217_EA,M1_NETWORK,1.5,0.19417247117398245,0.008556107229888728,0.19891038778506315,0.0018561636394409373,-0.02552531743649346,OK
M1-NETWORK_m1p5_s218_EB,M1_NETWORK,1.5,0.2655824064853914,0.002916394748613905,0.2646527737115246,0.002626660117367775,0.0035392198926687203,OK
M1-NETWORK_m1p5_s219_EC,M1_NETWORK,1.5,0.26348794820200677,5.2973138490975065e-05,0.2634324784327373,0.002634349750635158,0.0002105634198953681,OK
M1-NETWORK_m1p5_s220_ED,M1_NETWORK,1.5,0.22024573048658583,0.0036272749204263274,0.22255928203447883,0.002166184555661595,-0.010680306725695393,OK
M2-MACHINE_m0p0_s201_EA,M2_MACHINE,0.0,0.03843856459803053,0.0012173761852464172,0.03660508949208578,0.00037221188412784115,0.04925890827588455,OK
M2-MACHINE_m0p0_s202_EB,M2_MACHINE,0.0,6.390785224751081e-05,6.390785224751081e-05,0.0018300118783198818,0.0,,NOT_IDENTIFIABLE_LOW_GAP
M2-MACHINE_m0p0_s203_EC,M2_MACHINE,0.0,0.00026986692433311423,4.20635222973474e-06,0.00026701240970314035,2.656605721033795e-06,0.010744969068511575,OK
M2-MACHINE_m0p0_s204_ED,M2_MACHINE,0.0,0.02893037644237568,0.00042521267649720917,0.02765087263016243,0.0002850516376587847,0.04488673781081226,OK
M2-MACHINE_m0p0_s205_EA,M2_MACHINE,0.0,0.0479936170822202,0.001921318530643542,0.045662698033958705,0.0004607229855157666,0.05059263638978418,OK
M2-MACHINE_m0p0_s206_EB,M2_MACHINE,0.0,9.727200485177069e-05,9.727200485177069e-05,0.002260088609797971,0.0,,NOT_IDENTIFIABLE_LOW_GAP
M2-MACHINE_m0p0_s207_EC,M2_MACHINE,0.0,0.00034182949347468455,5.319474712706186e-06,0.0003382163339588611,3.3651001876197835e-06,0.010737152876209275,OK
M2-MACHINE_m0p0_s208_ED,M2_MACHINE,0.0,0.0337371194912127,0.0005824247664772838,0.032238931138067826,0.0003315469472473541,0.0451878192691405,OK
M2-MACHINE_m0p0_s209_EA,M2_MACHINE,0.0,0.05753898812955717,0.0027868799162859012,0.054687592853346935,0.0005475210821327127,0.052078273682237726,OK
M2-MACHINE_m0p0_s210_EB,M2_MACHINE,0.0,0.0001378140798451142,0.0001378140798451142,0.002690167216800248,0.0,,NOT_IDENTIFIABLE_LOW_GAP
M2-MACHINE_m0p0_s211_EC,M2_MACHINE,0.0,0.00041379125285230414,6.429043289258604e-06,0.0004094205212584537,4.0736220956304556e-06,0.010729349682531154,OK
M2-MACHINE_m0p0_s212_ED,M2_MACHINE,0.0,0.038540195726037785,0.0007659122846814824,0.03682138170246526,0.000377742834413563,0.04550222709693333,OK
M2-MACHINE_m0p0_s213_EA,M2_MACHINE,0.0,0.06708143438279741,0.003813887752223567,0.06368329111499889,0.0006326754663057385,0.05371068500001533,OK
M2-MACHINE_m0p0_s214_EB,M2_MACHINE,0.0,0.0001855714072793538,0.0001855714072793538,0.0031203425213154902,0.0,,NOT_IDENTIFIABLE_LOW_GAP
M2-MACHINE_m0p0_s215_EC,M2_MACHINE,0.0,0.0004857521942115623,7.535065573679929e-06,0.0004806249725382204,4.782171286378824e-06,0.010721534981287544,OK
M2-MACHINE_m0p0_s216_ED,M2_MACHINE,0.0,0.043339845665039775,0.0009756791938096435,0.041398312944508346,0.0004236416647123013,0.04582959803658451,OK
M2-MACHINE_m0p0_s217_EA,M2_MACHINE,0.0,0.07662790402258206,0.005002208399008377,0.07265463046208502,0.0007162569562357368,0.05547273957908135,OK
M2-MACHINE_m0p0_s218_EB,M2_MACHINE,0.0,0.0002405663106547451,0.0002405663106547451,0.003550709118261769,0.0,,NOT_IDENTIFIABLE_LOW_GAP
M2-MACHINE_m0p0_s219_EC,M2_MACHINE,0.0,0.0005577123257904518,8.637569683277391e-06,0.0005518296883649751,5.490747561071744e-06,0.010713727702914885,OK
M2-MACHINE_m0p0_s220_ED,M2_MACHINE,0.0,0.04813631426908849,0.0012117196222136398,0.045969815553971845,0.0004692459464687485,0.04616979073384347,OK
M2-MACHINE_m0p5_s201_EA,M2_MACHINE,0.5,0.038439258736022,0.0012111938558299281,0.03660689757185826,0.0003722806488019207,0.0492198874709355,OK
M2-MACHINE_m0p5_s202_EB,M2_MACHINE,0.5,6.344438978882028e-05,6.344438978882028e-05,0.0018231213530766617,0.0,,NOT_IDENTIFIABLE_LOW_GAP
M2-MACHINE_m0p5_s203_EC,M2_MACHINE,0.5,0.00026986686117402175,4.206643976926912e-06,0.00026698495104419533,2.6566021719709484e-06,0.010848105750393022,OK
M2-MACHINE_m0p5_s204_ED,M2_MACHINE,0.5,0.028930659011010003,0.0004234114451612014,0.02765308552217944,0.000285072475658488,0.04481574329052634,OK
M2-MACHINE_m0p5_s205_EA,M2_MACHINE,0.5,0.04799442167143205,0.0019115512104777928,0.04566546574536681,0.00046082870460954263,0.05053843006673271,OK
M2-MACHINE_m0p5_s206_EB,M2_MACHINE,0.5,9.657348942485763e-05,9.657348942485763e-05,0.0022515683367422433,0.0,,NOT_IDENTIFIABLE_LOW_GAP
M2-MACHINE_m0p5_s207_EC,M2_MACHINE,0.5,0.00034182942847940266,5.319932110656561e-06,0.0003381815325931015,3.3650949636874606e-06,0.010840395072547358,OK
M2-MACHINE_m0p5_s208_ED,M2_MACHINE,0.5,0.03373748418427269,0.0005798961754336978,0.03224163113048236,0.00033157588008838994,0.04511344592952817,OK
M2-MACHINE_m0p5_s209_EA,M2_MACHINE,0.5,0.05753973031918908,0.0027727303480091737,0.054691453657652454,0.0005476699997117991,0.052007169701379995,OK
M2-MACHINE_m0p5_s210_EB,M2_MACHINE,0.5,0.00013683440353883767,0.00013683440353883767,0.002680012482759954,0.0,,NOT_IDENTIFIABLE_LOW_GAP
M2-MACHINE_m0p5_s211_EC,M2_MACHINE,0.5,0.00041379119019600244,6.42964793949941e-06,0.000409378381007214,4.07361542256503e-06,0.01083266025640144,OK
M2-MACHINE_m0p5_s212_ED,M2_MACHINE,0.5,0.03854064576100292,0.0007625403645859666,0.03682460056528242,0.00037778105396416955,0.0454243318375427,OK
M2-MACHINE_m0p5_s213_EA,M2_MACHINE,0.5,0.06708186429660826,0.003794558960262056,0.06368832394249531,0.000632873053363462,0.053621185735080276,OK
M2-MACHINE_m0p5_s214_EB,M2_MACHINE,0.5,0.0001842613697951942,0.0001842613697951942,0.003108547882960041,0.0,,NOT_IDENTIFIABLE_LOW_GAP
M2-MACHINE_m0p5_s215_EC,M2_MACHINE,0.5,0.0004857521400462762,7.535846652475699e-06,0.0004805754813258447,4.782162933938005e-06,0.010824931713835778,OK
M2-MACHINE_m0p5_s216_ED,M2_MACHINE,0.5,0.04334038159849535,0.0009713476082899633,0.041402081640255634,0.0004236903399020539,0.045748032836618435,OK
M2-MACHINE_m0p5_s217_EA,M2_MACHINE,0.5,0.07662769928610128,0.004976904210815738,0.07266084114947696,0.0007165079507528554,0.05536376996872426,OK
M2-MACHINE_m0p5_s218_EB,M2_MACHINE,0.5,0.00023887294157061913,0.00023887294157061913,0.00353726842960176,0.0,,NOT_IDENTIFIABLE_LOW_GAP
M2-MACHINE_m0p5_s219_EC,M2_MACHINE,0.5,0.0005577122836333977,8.638556913607972e-06,0.0005517728371008242,5.490737267197898e-06,0.010817211320702347,OK
M2-MACHINE_m0p5_s220_ED,M2_MACHINE,0.5,0.04813693391972025,0.001206316012841907,0.04597416417128386,0.00046930617906878346,0.04608440810917614,OK
M2-MACHINE_m1p0_s201_EA,M2_MACHINE,1.0,0.038439969004400054,0.0012050143302205038,0.03660872051458355,0.0003723495467417955,0.049180897515269016,OK
M2-MACHINE_m1p0_s202_EB,M2_MACHINE,1.0,6.298293777449974e-05,6.298293777449974e-05,0.001816271809144503,0.0,,NOT_IDENTIFIABLE_LOW_GAP
M2-MACHINE_m1p0_s203_EC,M2_MACHINE,1.0,0.0002698668027870036,4.207002088535638e-06,0.0002669577069519374,2.65659800698468e-06,0.010950455535303714,OK
M2-MACHINE_m1p0_s204_ED,M2_MACHINE,1.0,0.028930938787755767,0.00042162845256033833,0.027655291930420302,0.0002850931033519543,0.04474492165321334,OK
M2-MACHINE_m1p0_s205_EA,M2_MACHINE,1.0,0.04799525375195568,0.001901791676683833,0.045668247715174325,0.0004609346207527185,0.050484514115717694,OK
M2-MACHINE_m1p0_s206_EB,M2_MACHINE,1.0,9.587437766034845e-05,9.587437766034845e-05,0.002243103448553688,0.0,,NOT_IDENTIFIABLE_LOW_GAP
M2-MACHINE_m1p0_s207_EC,M2_MACHINE,1.0,0.00034182937007079105,5.320411025159902e-06,0.00033814701675185285,3.3650895904563114e-06,0.010942809158429672,OK
M2-MACHINE_m1p0_s208_ED,M2_MACHINE,1.0,0.03373784437127809,0.0005773911751495162,0.03224432168624511,0.0003316045319612857,0.045039272418850605,OK
M2-MACHINE_m1p0_s209_EA,M2_MACHINE,1.0,0.057540518021059285,0.002758595834799445,0.05469533683284735,0.0005478192218625983,0.05193649792970482,OK
M2-MACHINE_m1p0_s210_EB,M2_MACHINE,1.0,0.00013584800598738503,0.00013584800598738503,0.0026699292308857486,0.0,,NOT_IDENTIFIABLE_LOW_GAP
M2-MACHINE_m1p0_s211_EC,M2_MACHINE,1.0,0.0004137911293895017,6.430280410713571e-06,0.0004093365775097571,4.073608489787881e-06,0.010935149734962827,OK
M2-MACHINE_m1p0_s212_ED,M2_MACHINE,1.0,0.03854108930342553,0.0007591984666227162,0.036827806493582395,0.00037781890836802813,0.04534666666746732,OK
M2-MACHINE_m1p0_s213_EA,M2_MACHINE,1.0,0.06708236712503977,0.003775254612701601,0.06369340526607135,0.0006330711251233817,0.05353208706696175,OK
M2-MACHINE_m1p0_s214_EB,M2_MACHINE,1.0,0.00018293564954769773,0.00018293564954769773,0.003096842501981076,0.0,,NOT_IDENTIFIABLE_LOW_GAP
M2-MACHINE_m1p0_s215_EC,M2_MACHINE,1.0,0.00048575209282794416,7.5366553686787005e-06,0.000480526392891126,4.782154374592654e-06,0.010927501555746547,OK
M2-MACHINE_m1p0_s216_ED,M2_MACHINE,1.0,0.04334090881323784,0.0009670533920205695,0.04140583332976752,0.00042373855421217274,0.045666731625779874,OK
M2-MACHINE_m1p0_s217_EA,M2_MACHINE,1.0,0.07662760706768952,0.004951635791569722,0.07266715490044383,0.000716759712761198,0.05525494941657233,OK
M2-MACHINE_m1p0_s218_EB,M2_MACHINE,1.0,0.00023715407192770882,0.00023715407192770882,0.0035239364178946656,0.0,,NOT_IDENTIFIABLE_LOW_GAP
M2-MACHINE_m1p0_s219_EC,M2_MACHINE,1.0,0.000557712248269165,8.639590131221967e-06,0.0005517164430349318,5.4907265813794305e-06,0.01091987580399035,OK
M2-MACHINE_m1p0_s220_ED,M2_MACHINE,1.0,0.04813754242597685,0.0012009578162761013,0.045978491131313005,0.0004693658460970075,0.0459993268069534,OK
M2-MACHINE_m1p5_s201_EA,M2_MACHINE,1.5,0.03844071561355193,0.001198814412433264,0.036610551829039426,0.00037241901201118667,0.04914259813506865,OK
M2-MACHINE_m1p5_s202_EB,M2_MACHINE,1.5,6.251885569845297e-05,6.251885569845297e-05,0.0018094494160451715,0.0,,NOT_IDENTIFIABLE_LOW_GAP
M2-MACHINE_m1p5_s203_EC,M2_MACHINE,1.5,0.00026986674180407043,4.2073819380026835e-06,0.00026693068488307573,2.6565935986606776e-06,0.011051961137280875,OK
M2-MACHINE_m1p5_s204_ED,M2_MACHINE,1.5,0.028931223230864483,0.0004198533192270122,0.027657502635841446,0.0002851136991163747,0.04467412821518417,OK
M2-MACHINE_m1p5_s205_EA,M2_MACHINE,1.5,0.04799614371488856,0.00189200547029709,0.04567103074436279,0.00046104138244591476,0.05043176294046747,OK
M2-MACHINE_m1p5_s206_EB,M2_MACHINE,1.5,9.516766064977186e-05,9.516766064977186e-05,0.0022346747932886373,0.0,,NOT_IDENTIFIABLE_LOW_GAP
M2-MACHINE_m1p5_s207_EC,M2_MACHINE,1.5,0.0003418293006345202,5.3209335803100755e-06,0.0003381127713649005,3.365083670542101e-06,0.011044388887426882,OK
M2-MACHINE_m1p5_s208_ED,M2_MACHINE,1.5,0.03373821024299381,0.0005748963808070817,0.032247016850538573,0.0003316331386218673,0.04496515030590827,OK
M2-MACHINE_m1p5_s209_EA,M2_MACHINE,1.5,0.05754139155669501,0.002744428584387922,0.05469921361833763,0.0005479696297230708,0.051867435423268604,OK
M2-MACHINE_m1p5_s210_EB,M2_MACHINE,1.5,0.00013484695602972488,0.00013484695602972488,0.002659892157282007,0.0,,NOT_IDENTIFIABLE_LOW_GAP
M2-MACHINE_m1p5_s211_EC,M2_MACHINE,1.5,0.00041379106601602343,6.430990085879688e-06,0.00040929510521818747,4.073600759301437e-06,0.01103682236795083,OK
M2-MACHINE_m1p5_s212_ED,M2_MACHINE,1.5,0.03854153966650749,0.0007558694437974214,0.03683101727025656,0.00037785670222710067,0.045269076508873476,OK
M2-MACHINE_m1p5_s213_EA,M2_MACHINE,1.5,0.06708299097632103,0.003755911324205458,0.06369847504667486,0.0006332707965211558,0.053445002489280434,OK
M2-MACHINE_m1p5_s214_EB,M2_MACHINE,1.5,0.0001815869233241572,0.0001815869233241572,0.003085194014651288,0.0,,NOT_IDENTIFIABLE_LOW_GAP
M2-MACHINE_m1p5_s215_EC,M2_MACHINE,1.5,0.00048575203220093175,7.5375627108853494e-06,0.00048047768048829434,4.782144694900464e-06,0.01102925998508966,OK
M2-MACHINE_m1p5_s216_ED,M2_MACHINE,1.5,0.04334144412281132,0.0009627756030638184,0.04140959006617026,0.00042378668519747504,0.045585529798815125,OK
M2-MACHINE_m1p5_s217_EA,M2_MACHINE,1.5,0.07662767881150168,0.004926322225213918,0.07267345532649493,0.0007170135658628775,0.05514851703326001,OK
M2-MACHINE_m1p5_s218_EB,M2_MACHINE,1.5,0.00023540367969669912,0.00023540367969669912,0.003510672672846735,0.0,,NOT_IDENTIFIABLE_LOW_GAP
M2-MACHINE_m1p5_s219_EC,M2_MACHINE,1.5,0.0005577122008582403,8.640665955931436e-06,0.00055166050089703,5.490715349023089e-06,0.011021696767229316,OK
M2-MACHINE_m1p5_s220_ED,M2_MACHINE,1.5,0.04813816051126734,0.0011956197406460757,0.04598282332571459,0.0004694254077062127,0.04591436999723831,OK
M6-OPERATING-POINT_m0p0_s201_EA,M6_OPERATING_POINT,0.0,0.03843856459803053,0.0012173761852464172,0.03660508949208578,0.00037221188412784115,0.04925890827588455,OK
M6-OPERATING-POINT_m0p0_s202_EB,M6_OPERATING_POINT,0.0,6.390785224751081e-05,6.390785224751081e-05,0.0018300118783198818,0.0,,NOT_IDENTIFIABLE_LOW_GAP
M6-OPERATING-POINT_m0p0_s203_EC,M6_OPERATING_POINT,0.0,0.00026986692433311423,4.20635222973474e-06,0.00026701240970314035,2.656605721033795e-06,0.010744969068511575,OK
M6-OPERATING-POINT_m0p0_s204_ED,M6_OPERATING_POINT,0.0,0.02893037644237568,0.00042521267649720917,0.02765087263016243,0.0002850516376587847,0.04488673781081226,OK
M6-OPERATING-POINT_m0p0_s205_EA,M6_OPERATING_POINT,0.0,0.0479936170822202,0.001921318530643542,0.045662698033958705,0.0004607229855157666,0.05059263638978418,OK
M6-OPERATING-POINT_m0p0_s206_EB,M6_OPERATING_POINT,0.0,9.727200485177069e-05,9.727200485177069e-05,0.002260088609797971,0.0,,NOT_IDENTIFIABLE_LOW_GAP
M6-OPERATING-POINT_m0p0_s207_EC,M6_OPERATING_POINT,0.0,0.00034182949347468455,5.319474712706186e-06,0.0003382163339588611,3.3651001876197835e-06,0.010737152876209275,OK
M6-OPERATING-POINT_m0p0_s208_ED,M6_OPERATING_POINT,0.0,0.0337371194912127,0.0005824247664772838,0.032238931138067826,0.0003315469472473541,0.0451878192691405,OK
M6-OPERATING-POINT_m0p0_s209_EA,M6_OPERATING_POINT,0.0,0.05753898812955717,0.0027868799162859012,0.054687592853346935,0.0005475210821327127,0.052078273682237726,OK
M6-OPERATING-POINT_m0p0_s210_EB,M6_OPERATING_POINT,0.0,0.0001378140798451142,0.0001378140798451142,0.002690167216800248,0.0,,NOT_IDENTIFIABLE_LOW_GAP
M6-OPERATING-POINT_m0p0_s211_EC,M6_OPERATING_POINT,0.0,0.00041379125285230414,6.429043289258604e-06,0.0004094205212584537,4.0736220956304556e-06,0.010729349682531154,OK
M6-OPERATING-POINT_m0p0_s212_ED,M6_OPERATING_POINT,0.0,0.038540195726037785,0.0007659122846814824,0.03682138170246526,0.000377742834413563,0.04550222709693333,OK
M6-OPERATING-POINT_m0p0_s213_EA,M6_OPERATING_POINT,0.0,0.06708143438279741,0.003813887752223567,0.06368329111499889,0.0006326754663057385,0.05371068500001533,OK
M6-OPERATING-POINT_m0p0_s214_EB,M6_OPERATING_POINT,0.0,0.0001855714072793538,0.0001855714072793538,0.0031203425213154902,0.0,,NOT_IDENTIFIABLE_LOW_GAP
M6-OPERATING-POINT_m0p0_s215_EC,M6_OPERATING_POINT,0.0,0.0004857521942115623,7.535065573679929e-06,0.0004806249725382204,4.782171286378824e-06,0.010721534981287544,OK
M6-OPERATING-POINT_m0p0_s216_ED,M6_OPERATING_POINT,0.0,0.043339845665039775,0.0009756791938096435,0.041398312944508346,0.0004236416647123013,0.04582959803658451,OK
M6-OPERATING-POINT_m0p0_s217_EA,M6_OPERATING_POINT,0.0,0.07662790402258206,0.005002208399008377,0.07265463046208502,0.0007162569562357368,0.05547273957908135,OK
M6-OPERATING-POINT_m0p0_s218_EB,M6_OPERATING_POINT,0.0,0.0002405663106547451,0.0002405663106547451,0.003550709118261769,0.0,,NOT_IDENTIFIABLE_LOW_GAP
M6-OPERATING-POINT_m0p0_s219_EC,M6_OPERATING_POINT,0.0,0.0005577123257904518,8.637569683277391e-06,0.0005518296883649751,5.490747561071744e-06,0.010713727702914885,OK
M6-OPERATING-POINT_m0p0_s220_ED,M6_OPERATING_POINT,0.0,0.04813631426908849,0.0012117196222136398,0.045969815553971845,0.0004692459464687485,0.04616979073384347,OK
M6-OPERATING-POINT_m0p5_s201_EA,M6_OPERATING_POINT,0.5,0.07477636000289044,0.0017504100506650602,0.0717823359874562,0.0007302594995222538,0.04099945317237189,OK
M6-OPERATING-POINT_m0p5_s202_EB,M6_OPERATING_POINT,0.5,0.03587399566441238,0.00010835664928577666,0.03592042286250712,0.00035765639015126604,-0.0012980950256503197,OK
M6-OPERATING-POINT_m0p5_s203_EC,M6_OPERATING_POINT,0.5,0.0358611677447669,6.586795737671902e-06,0.03528405966804925,0.0003585458094902923,0.01609579756455845,OK
M6-OPERATING-POINT_m0p5_s204_ED,M6_OPERATING_POINT,0.5,0.0651650032165173,0.00073848181318955,0.06304817819696361,0.0006442652140332775,0.03285642268813159,OK
M6-OPERATING-POINT_m0p5_s205_EA,M6_OPERATING_POINT,0.5,0.08444508563184015,0.0025957151493553082,0.08088511970550262,0.0008184937048248484,0.04349411492540847,OK
M6-OPERATING-POINT_m0p5_s206_EB,M6_OPERATING_POINT,0.5,0.03586761635574851,0.00014049389159937227,0.03608127070544926,0.00035727122464149143,-0.005980172344278218,OK
M6-OPERATING-POINT_m0p5_s207_EC,M6_OPERATING_POINT,0.5,0.035857466389999385,8.335138274765675e-06,0.035286306473336256,0.0003584913125172462,0.015932322394441593,OK
M6-OPERATING-POINT_m0p5_s208_ED,M6_OPERATING_POINT,0.5,0.07003439320957448,0.0009523672473689192,0.06767776240415765,0.0006908202596220557,0.034113516107737454,OK
M6-OPERATING-POINT_m0p5_s209_EA,M6_OPERATING_POINT,0.5,0.09410003966888854,0.0036062502879246764,0.08996405409494236,0.0009049378938096387,0.045704634563752886,OK
M6-OPERATING-POINT_m0p5_s210_EB,M6_OPERATING_POINT,0.5,0.03585910173926844,0.0001769623977976173,0.03624567895620308,0.00035682139341470826,-0.010833913662944058,OK
M6-OPERATING-POINT_m0p5_s211_EC,M6_OPERATING_POINT,0.5,0.03585395490976582,1.0080063537816449e-05,0.03528873911471117,0.00035843874846228004,0.015768825147377447,OK
M6-OPERATING-POINT_m0p5_s212_ED,M6_OPERATING_POINT,0.5,0.07490030820131911,0.0011930146857975124,0.07230483710461463,0.0007370729351552159,0.03521321938320683,OK
M6-OPERATING-POINT_m0p5_s213_EA,M6_OPERATING_POINT,0.5,0.10374725078957281,0.004782121747926667,0.09901748217793435,0.0009896512904164615,0.04779227448537045,OK
M6-OPERATING-POINT_m0p5_s214_EB,M6_OPERATING_POINT,0.5,0.035848498407117305,0.00021796178649670698,0.03641365714040269,0.000356305366206206,-0.01586163967450072,OK
M6-OPERATING-POINT_m0p5_s215_EC,M6_OPERATING_POINT,0.5,0.03585063394496329,1.1821575517529774e-05,0.03529135826281819,0.0003583881236944576,0.015605307351699618,OK
M6-OPERATING-POINT_m0p5_s216_ED,M6_OPERATING_POINT,0.5,0.07976287460853906,0.001460483161711676,0.07692894241149521,0.0007830239144682739,0.03619215383693977,OK
M6-OPERATING-POINT_m0p5_s217_EA,M6_OPERATING_POINT,0.5,0.11339333487293053,0.006123350561185017,0.10804516802817728,0.0010726998431174553,0.04985706746456246,OK
M6-OPERATING-POINT_m0p5_s218_EB,M6_OPERATING_POINT,0.5,0.03583586662853199,0.0002637918832017206,0.03658522560182752,0.0003557207474533027,-0.021065933844465937,OK
M6-OPERATING-POINT_m0p5_s219_EC,M6_OPERATING_POINT,0.5,0.03584750378235155,1.3559693922536159e-05,0.03529416423555394,0.00035833944088429007,0.015441770669511213,OK
M6-OPERATING-POINT_m0p5_s220_ED,M6_OPERATING_POINT,0.5,0.08462224972658149,0.0017548098933817108,0.08154974197085627,0.0008286743983319978,0.03707738240628339,OK
M6-OPERATING-POINT_m1p0_s201_EA,M6_OPERATING_POINT,1.0,0.11114260107583243,0.0023156980537375007,0.107389560813259,0.0010882690302209494,0.034486327905623386,OK
M6-OPERATING-POINT_m1p0_s202_EB,M6_OPERATING_POINT,1.0,0.07175060240722222,0.00021093598302484714,0.071175238767262,0.0007153966642419738,0.008042582090732293,OK
M6-OPERATING-POINT_m1p0_s203_EC,M6_OPERATING_POINT,1.0,0.07172397860735384,9.518446923109561e-06,0.07055160196467931,0.0007171446016043073,0.016347841705171312,OK
M6-OPERATING-POINT_m1p0_s204_ED,M6_OPERATING_POINT,1.0,0.10141930724265799,0.0010714006144142136,0.09863113526100774,0.001003479066282438,0.02778505377276607,OK
M6-OPERATING-POINT_m1p0_s205_EA,M6_OPERATING_POINT,1.0,0.12093174683429168,0.003309962693888317,0.11657012389177496,0.0011762178414040337,0.0370817614644437,OK
M6-OPERATING-POINT_m1p0_s206_EB,M6_OPERATING_POINT,1.0,0.07174726739212942,0.0002542769957694586,0.07132606095152094,0.0007149299039635995,0.005891576758410658,OK
M6-OPERATING-POINT_m1p0_s207_EC,M6_OPERATING_POINT,1.0,0.07171987315132072,1.2048181185942938e-05,0.07055354157610293,0.0007170782497013478,0.01626505302180851,OK
M6-OPERATING-POINT_m1p0_s208_ED,M6_OPERATING_POINT,1.0,0.10635271094265435,0.001343843914623628,0.10331026043708001,0.0010500886702803072,0.028973272369105685,OK
M6-OPERATING-POINT_m1p0_s209_EA,M6_OPERATING_POINT,1.0,0.13070442318366784,0.004472992698798192,0.12572969968811168,0.0012623143048486965,0.03940954702365072,OK
M6-OPERATING-POINT_m1p0_s210_EB,M6_OPERATING_POINT,1.0,0.07174173688660182,0.0003020194194869391,0.07147788419598387,0.0007143971746711488,0.003693361339781283,OK
M6-OPERATING-POINT_m1p0_s211_EC,M6_OPERATING_POINT,1.0,0.07171586483898357,1.4574340462709874e-05,0.07055557624093166,0.0007170129049852085,0.016182255437589835,OK
M6-OPERATING-POINT_m1p0_s212_ED,M6_OPERATING_POINT,1.0,0.11128251065645749,0.001643746572693241,0.10798723843038346,0.0010963876408376424,0.03005572211263195,OK
M6-OPERATING-POINT_m1p0_s213_EA,M6_OPERATING_POINT,1.0,0.1404661141347881,0.005805110752484522,0.13486690319344194,0.0013466100338230358,0.04158004768054469,OK
M6-OPERATING-POINT_m1p0_s214_EB,M6_OPERATING_POINT,1.0,0.07173402318408016,0.0003538208226371239,0.07163073224560645,0.0007138020236144303,0.0014470530351072906,OK
M6-OPERATING-POINT_m1p0_s215_EC,M6_OPERATING_POINT,1.0,0.07171195393889424,1.7096915022759897e-05,0.07055770623638248,0.0007169485702387148,0.01609944911567978,OK
M6-OPERATING-POINT_m1p0_s216_ED,M6_OPERATING_POINT,1.0,0.1162088366295601,0.0019711941290262713,0.11266172326425418,0.0011423764250053383,0.031050302576835283,OK
M6-OPERATING-POINT_m1p0_s217_EA,M6_OPERATING_POINT,1.0,0.1502229548137046,0.007306485344778522,0.14398136341296652,0.0014291646946892607,0.04367300300610313,OK
M6-OPERATING-POINT_m1p0_s218_EB,M6_OPERATING_POINT,1.0,0.07172414445637029,0.0004098232844769876,0.0717846353804949,0.0007131432117189331,-0.0008482296841724335,OK
M6-OPERATING-POINT_m1p0_s219_EC,M6_OPERATING_POINT,1.0,0.07170814067381218,1.9615924572670623e-05,0.07055993178984486,0.0007168852474923951,0.016016634293754238,OK
M6-OPERATING-POINT_m1p0_s220_ED,M6_OPERATING_POINT,1.0,0.12113184181311187,0.0023262492825170283,0.11733344096129886,0.0011880559253059485,0.031971566076191726,OK
M6-OPERATING-POINT_m1p5_s201_EA,M6_OPERATING_POINT,1.5,0.1475057598968732,0.0029016168782366623,0.14306803616698407,0.0014460414301863654,0.030688773068674728,OK
M6-OPERATING-POINT_m1p5_s202_EB,M6_OPERATING_POINT,1.5,0.10761433024752633,0.0003319056236304331,0.10643753296971462,0.001072824246238959,0.01096915251437744,OK
M6-OPERATING-POINT_m1p5_s203_EC,M6_OPERATING_POINT,1.5,0.10757433522175523,1.2647652070759675e-05,0.10581053073350877,0.0010756168756968446,0.01639807377607175,OK
M6-OPERATING-POINT_m1p5_s204_ED,M6_OPERATING_POINT,1.5,0.1376668440487967,0.001417627111475162,0.13423864555696471,0.0013624921693732154,0.025161234456188085,OK
M6-OPERATING-POINT_m1p5_s205_EA,M6_OPERATING_POINT,1.5,0.15741890762467864,0.004050716027643809,0.1523453598118379,0.0015336819159703482,0.03308083481985096,OK
M6-OPERATING-POINT_m1p5_s206_EB,M6_OPERATING_POINT,1.5,0.10761409720348764,0.00039912747036554154,0.10658668421333699,0.0010721496973312209,0.009582738238028375,OK
M6-OPERATING-POINT_m1p5_s207_EC,M6_OPERATING_POINT,1.5,0.10757008845299881,1.6011585385170492e-05,0.10581242062667481,0.0010755407686761365,0.016342177605108085,OK
M6-OPERATING-POINT_m1p5_s208_ED,M6_OPERATING_POINT,1.5,0.1426653639302809,0.0017508350148984868,0.1389731075985264,0.001409145289153824,0.02620209825185346,OK
M6-OPERATING-POINT_m1p5_s209_EA,M6_OPERATING_POINT,1.5,0.1673135919702564,0.00537216296588032,0.1616017983850792,0.0016194142900437605,0.03527073720599825,OK
M6-OPERATING-POINT_m1p5_s210_EB,M6_OPERATING_POINT,1.5,0.10761166053647858,0.0004631828997277872,0.10673589831131204,0.001071484776367508,0.008173352010987088,OK
M6-OPERATING-POINT_m1p5_s211_EC,M6_OPERATING_POINT,1.5,0.10756590845820857,1.9371837203546755e-05,0.10581437585865831,0.0010754653662100504,0.0162862761980209,OK
M6-OPERATING-POINT_m1p5_s212_ED,M6_OPERATING_POINT,1.5,0.14766008114704632,0.0021122716554001822,0.14370521887478657,0.0014554780949164613,0.027172255536327607,OK
M6-OPERATING-POINT_m1p5_s213_EA,M6_OPERATING_POINT,1.5,0.17719495309502373,0.006866450921372695,0.1708366432746164,0.0017032850217365103,0.03732968786354372,OK
M6-OPERATING-POINT_m1p5_s214_EB,M6_OPERATING_POINT,1.5,0.10760702182666887,0.0005262159763669494,0.10688519540221852,0.0010708080585030192,0.0067409506187267095,OK
M6-OPERATING-POINT_m1p5_s215_EC,M6_OPERATING_POINT,1.5,0.1075617953359993,2.2728385700811052e-05,0.10581639653267111,0.0010753906695029848,0.0162303696026567,OK
M6-OPERATING-POINT_m1p5_s216_ED,M6_OPERATING_POINT,1.5,0.1526511379445107,0.0025020278195264315,0.1484347389613534,0.001501491101249843,0.028081411735624617,OK
M6-OPERATING-POINT_m1p5_s217_EA,M6_OPERATING_POINT,1.5,0.18706876772221726,0.008533875694985418,0.18005001088219147,0.0017853489202723182,0.03931308194341763,OK
M6-OPERATING-POINT_m1p5_s218_EB,M6_OPERATING_POINT,1.5,0.1076001863660957,0.0005937525277287438,0.10703459907056335,0.0010700643383836695,0.005285544758800852,OK
M6-OPERATING-POINT_m1p5_s219_EC,M6_OPERATING_POINT,1.5,0.10755774917671972,2.6081261719964877e-05,0.10581848274201165,0.0010753166791499975,0.016174457891631425,OK
M6-OPERATING-POINT_m1p5_s220_ED,M6_OPERATING_POINT,1.5,0.15763869426653998,0.0029201748367379127,0.15316147295003957,0.0015471851942980208,0.02893785005829123,OK
M7-COUPLED_m0p0_s201_EA,M7_COUPLED,0.0,0.03843856459803053,0.0012173761852464172,0.03660508949208578,0.00037221188412784115,0.04925890827588455,OK
M7-COUPLED_m0p0_s202_EB,M7_COUPLED,0.0,6.390785224751081e-05,6.390785224751081e-05,0.0018300118783198818,0.0,,NOT_IDENTIFIABLE_LOW_GAP
M7-COUPLED_m0p0_s203_EC,M7_COUPLED,0.0,0.00026986692433311423,4.20635222973474e-06,0.00026701240970314035,2.656605721033795e-06,0.010744969068511575,OK
M7-COUPLED_m0p0_s204_ED,M7_COUPLED,0.0,0.02893037644237568,0.00042521267649720917,0.02765087263016243,0.0002850516376587847,0.04488673781081226,OK
M7-COUPLED_m0p0_s205_EA,M7_COUPLED,0.0,0.0479936170822202,0.001921318530643542,0.045662698033958705,0.0004607229855157666,0.05059263638978418,OK
M7-COUPLED_m0p0_s206_EB,M7_COUPLED,0.0,9.727200485177069e-05,9.727200485177069e-05,0.002260088609797971,0.0,,NOT_IDENTIFIABLE_LOW_GAP
M7-COUPLED_m0p0_s207_EC,M7_COUPLED,0.0,0.00034182949347468455,5.319474712706186e-06,0.0003382163339588611,3.3651001876197835e-06,0.010737152876209275,OK
M7-COUPLED_m0p0_s208_ED,M7_COUPLED,0.0,0.0337371194912127,0.0005824247664772838,0.032238931138067826,0.0003315469472473541,0.0451878192691405,OK
M7-COUPLED_m0p0_s209_EA,M7_COUPLED,0.0,0.05753898812955717,0.0027868799162859012,0.054687592853346935,0.0005475210821327127,0.052078273682237726,OK
M7-COUPLED_m0p0_s210_EB,M7_COUPLED,0.0,0.0001378140798451142,0.0001378140798451142,0.002690167216800248,0.0,,NOT_IDENTIFIABLE_LOW_GAP
M7-COUPLED_m0p0_s211_EC,M7_COUPLED,0.0,0.00041379125285230414,6.429043289258604e-06,0.0004094205212584537,4.0736220956304556e-06,0.010729349682531154,OK
M7-COUPLED_m0p0_s212_ED,M7_COUPLED,0.0,0.038540195726037785,0.0007659122846814824,0.03682138170246526,0.000377742834413563,0.04550222709693333,OK
M7-COUPLED_m0p0_s213_EA,M7_COUPLED,0.0,0.06708143438279741,0.003813887752223567,0.06368329111499889,0.0006326754663057385,0.05371068500001533,OK
M7-COUPLED_m0p0_s214_EB,M7_COUPLED,0.0,0.0001855714072793538,0.0001855714072793538,0.0031203425213154902,0.0,,NOT_IDENTIFIABLE_LOW_GAP
M7-COUPLED_m0p0_s215_EC,M7_COUPLED,0.0,0.0004857521942115623,7.535065573679929e-06,0.0004806249725382204,4.782171286378824e-06,0.010721534981287544,OK
M7-COUPLED_m0p0_s216_ED,M7_COUPLED,0.0,0.043339845665039775,0.0009756791938096435,0.041398312944508346,0.0004236416647123013,0.04582959803658451,OK
M7-COUPLED_m0p0_s217_EA,M7_COUPLED,0.0,0.07662790402258206,0.005002208399008377,0.07265463046208502,0.0007162569562357368,0.05547273957908135,OK
M7-COUPLED_m0p0_s218_EB,M7_COUPLED,0.0,0.0002405663106547451,0.0002405663106547451,0.003550709118261769,0.0,,NOT_IDENTIFIABLE_LOW_GAP
M7-COUPLED_m0p0_s219_EC,M7_COUPLED,0.0,0.0005577123257904518,8.637569683277391e-06,0.0005518296883649751,5.490747561071744e-06,0.010713727702914885,OK
M7-COUPLED_m0p0_s220_ED,M7_COUPLED,0.0,0.04813631426908849,0.0012117196222136398,0.045969815553971845,0.0004692459464687485,0.04616979073384347,OK
M7-COUPLED_m0p5_s201_EA,M7_COUPLED,0.5,0.039526282727677206,0.0012386808617424493,0.037398940608254085,0.00038287601865934754,0.05556216675236224,OK
M7-COUPLED_m0p5_s202_EB,M7_COUPLED,0.5,0.004512016323378934,7.662470155478675e-05,0.005556715281427723,4.435391621824147e-05,-0.23553702742017085,OK
M7-COUPLED_m0p5_s203_EC,M7_COUPLED,0.5,0.004240569107917108,4.227495221446958e-06,0.00425324030457888,4.236341612695661e-05,-0.0029910705557357163,OK
M7-COUPLED_m0p5_s204_ED,M7_COUPLED,0.5,0.030089022706676495,0.0004356713229179036,0.02862051772882151,0.00029653351383758595,0.04952239491753695,OK
M7-COUPLED_m0p5_s205_EA,M7_COUPLED,0.5,0.04903763563020601,0.0019469054247193448,0.04640506417610289,0.0004709073020548666,0.055904239382475934,OK
M7-COUPLED_m0p5_s206_EB,M7_COUPLED,0.5,0.004527725628915135,0.00011195479191378737,0.005900331230194354,4.415770837001348e-05,-0.3108416745220693,OK
M7-COUPLED_m0p5_s207_EC,M7_COUPLED,0.5,0.004178314662464738,5.344999647216335e-06,0.004194368317679727,4.172969662817522e-05,-0.003847057733975752,OK
M7-COUPLED_m0p5_s208_ED,M7_COUPLED,0.5,0.03485832951983368,0.0005941041212507126,0.03316756127031661,0.0003426422539858297,0.049345001378230474,OK
M7-COUPLED_m0p5_s209_EA,M7_COUPLED,0.5,0.0585520527301218,0.0028166593543027885,0.05539306235202363,0.00055735393375819,0.05667835439497773,OK
M7-COUPLED_m0p5_s210_EB,M7_COUPLED,0.5,0.0045466834694227526,0.00015422257120253465,0.006257400207324754,4.3924608982202185e-05,-0.3894665832074149,OK
M7-COUPLED_m0p5_s211_EC,M7_COUPLED,0.5,0.004116289090157126,6.45840676510221e-06,0.004135688392219967,4.109830683392024e-05,-0.004720219288165379,OK
M7-COUPLED_m0p5_s212_ED,M7_COUPLED,0.5,0.039632040848333557,0.000778904334302733,0.0377179933155169,0.00038853136514030825,0.04926365551273947,OK
M7-COUPLED_m0p5_s213_EA,M7_COUPLED,0.5,0.06807136778085014,0.0038478116883599147,0.06436089889942294,0.0006422355609249022,0.057774267063063885,OK
M7-COUPLED_m0p5_s214_EB,M7_COUPLED,0.5,0.0045690774351034745,0.00020351016980105555,0.006624502861520519,4.365567265302419e-05,-0.4708266535608305,OK
M7-COUPLED_m0p5_s215_EC,M7_COUPLED,0.5,0.004054506653414428,7.567682926548426e-06,0.004077208716088551,4.046938970487879e-05,-0.005609687430346125,OK
M7-COUPLED_m0p5_s216_ED,M7_COUPLED,0.5,0.04440794333351339,0.0009900059655356007,0.04226916454995317,0.0004341793736797779,0.049260257700257354,OK
M7-COUPLED_m0p5_s217_EA,M7_COUPLED,0.5,0.07759987706823723,0.005040238883982731,0.07331060848907547,0.000725596381842545,0.059113698558829426,OK
M7-COUPLED_m0p5_s218_EB,M7_COUPLED,0.5,0.004595132417814141,0.00025988454974772526,0.006999471829748016,4.335247868066416e-05,-0.5546025244933103,OK
M7-COUPLED_m0p5_s219_EC,M7_COUPLED,0.5,0.003992982848384834,8.672933647766598e-06,0.004018938678119004,3.984309914737067e-05,-0.006514510740784943,OK
M7-COUPLED_m0p5_s220_ED,M7_COUPLED,0.5,0.0491847584645223,0.0012272672826062888,0.046819466339321256,0.0004795749118191601,0.049320597614850956,OK
M7-COUPLED_m1p0_s201_EA,M7_COUPLED,1.0,0.04096866434895353,0.0012635456468698912,0.03861414711769446,0.00039705118702083636,0.059300092991171734,OK
M7-COUPLED_m1p0_s202_EB,M7_COUPLED,1.0,0.009002216101635312,9.490723695690735e-05,0.009820044249432641,8.907308864678404e-05,-0.09181540240963211,OK
M7-COUPLED_m1p0_s203_EC,M7_COUPLED,1.0,0.00871580777366112,4.354622135169574e-06,0.008728267054863561,8.711453151525952e-05,-0.0014302184705267053,OK
M7-COUPLED_m1p0_s204_ED,M7_COUPLED,1.0,0.03168896661001761,0.0004496221890167835,0.030081072190300824,0.00031239344421000824,0.05147017165430242,OK
M7-COUPLED_m1p0_s205_EA,M7_COUPLED,1.0,0.05038141639102608,0.001976018319647027,0.04750674866974231,0.00048405398071379053,0.05938733768999806,OK
M7-COUPLED_m1p0_s206_EB,M7_COUPLED,1.0,0.009020571074859146,0.00013383084013925933,0.01010238006990352,8.886740234719887e-05,-0.12173293766569425,OK
M7-COUPLED_m1p0_s207_EC,M7_COUPLED,1.0,0.008653150069580708,5.505132939822633e-06,0.00866903573743999,8.647644936640886e-05,-0.0018369935370462984,OK
M7-COUPLED_m1p0_s208_ED,M7_COUPLED,1.0,0.03637409442543017,0.0006094564933374635,0.034533803472623324,0.0003576463793209271,0.05145560137645074,OK
M7-COUPLED_m1p0_s209_EA,M7_COUPLED,1.0,0.05982538221544409,0.002849926143402212,0.05641466538587776,0.0005697545607204188,0.05986291404589524,OK
M7-COUPLED_m1p0_s210_EB,M7_COUPLED,1.0,0.009041938134738239,0.00017942673239287825,0.010404306364498751,8.86251140234536e-05,-0.15372259260506874,OK
M7-COUPLED_m1p0_s211_EC,M7_COUPLED,1.0,0.008590593410117359,6.6511545224770565e-06,0.008609893916399465,8.583942255594883e-05,-0.002248443163690413,OK
M7-COUPLED_m1p0_s212_ED,M7_COUPLED,1.0,0.04108161890823759,0.0007956474832656552,0.03901099119598571,0.00040285971424971936,0.051398232163972844,OK
M7-COUPLED_m1p0_s213_EA,M7_COUPLED,1.0,0.06929117179868231,0.0038851470242445094,0.06532233636786511,0.0006540602477443781,0.06067996709025373,OK
M7-COUPLED_m1p0_s214_EB,M7_COUPLED,1.0,0.00906642878787431,0.00023177965688257773,0.010721436818671036,8.834649130991732e-05,-0.18733149514574368,OK
M7-COUPLED_m1p0_s215_EC,M7_COUPLED,1.0,0.008528140697954458,7.792692874696056e-06,0.008550842855339575,8.52034800507976e-05,-0.0026644636312486264,OK
M7-COUPLED_m1p0_s216_ED,M7_COUPLED,1.0,0.04580387499464425,0.0010080220808824825,0.04350304086386832,0.0004479585291376177,0.05136265928913917,OK
M7-COUPLED_m1p0_s217_EA,M7_COUPLED,1.0,0.07877716613576473,0.005081562183463326,0.07422474818126887,0.0007369560395230141,0.06177326340174056,OK
M7-COUPLED_m1p0_s218_EB,M7_COUPLED,1.0,0.009094157065301974,0.00029096097167438195,0.01105074074476493,8.803196093627592e-05,-0.2222583319346115,OK
M7-COUPLED_m1p0_s219_EC,M7_COUPLED,1.0,0.008465794952663277,8.92975532111417e-06,0.008491883967042882,8.456865197342161e-05,-0.0030849509565085893,OK
M7-COUPLED_m1p0_s220_ED,M7_COUPLED,1.0,0.050536157739073176,0.0012465219239065442,0.04800441474914769,0.0004928963581516664,0.05136461140470538,OK
M7-COUPLED_m1p5_s201_EA,M7_COUPLED,1.5,0.04268897389868589,0.0012914773069842762,0.040160266552178574,0.0004139749659170161,0.06108358124762089,OK
M7-COUPLED_m1p5_s202_EB,M7_COUPLED,1.5,0.01349341775147894,0.00011423575608078866,0.01421339293475511,0.00013379181995398152,-0.053813094367339526,OK
M7-COUPLED_m1p5_s203_EC,M7_COUPLED,1.5,0.013191436385904509,4.54770384041407e-06,0.013203639708373223,0.00013186888682064095,-0.0009254133225004944,OK
M7-COUPLED_m1p5_s204_ED,M7_COUPLED,1.5,0.033632664561347864,0.0004663055488448929,0.03193132707609489,0.0003316635901250297,0.051297083427566094,OK
M7-COUPLED_m1p5_s205_EA,M7_COUPLED,1.5,0.05196159359295649,0.002008006283588126,0.04888471846867861,0.0004995358730936837,0.06159467798023071,OK
M7-COUPLED_m1p5_s206_EB,M7_COUPLED,1.5,0.013514916268821028,0.0001571984592402783,0.014454666250585295,0.00013357717809580748,-0.07035258531140974,OK
M7-COUPLED_m1p5_s207_EC,M7_COUPLED,1.5,0.013128679787643684,5.749472028538766e-06,0.013144309371377507,0.00013122930315615145,-0.0011910132385009571,OK
M7-COUPLED_m1p5_s208_ED,M7_COUPLED,1.5,0.03819816528777406,0.0006276539102200784,0.03625099018401617,0.00037570511377553977,0.05182721853823909,OK
M7-COUPLED_m1p5_s209_EA,M7_COUPLED,1.5,0.061305520721429536,0.002885929193307143,0.05767706280019358,0.0005841959152812239,0.06211029256322793,OK
M7-COUPLED_m1p5_s210_EB,M7_COUPLED,1.5,0.013539305090722981,0.0002066706593593773,0.014716443914086856,0.00013332634431363602,-0.08829003970849013,OK
M7-COUPLED_m1p5_s211_EC,M7_COUPLED,1.5,0.01306598850959672,6.946638986968874e-06,0.013085038132182434,0.00013059041870609753,-0.001458730492976302,OK
M7-COUPLED_m1p5_s212_ED,M7_COUPLED,1.5,0.04281166894595468,0.0008152049217116469,0.04062061989482192,0.0004199646402424303,0.052172226925294066,OK
M7-COUPLED_m1p5_s213_EA,M7_COUPLED,1.5,0.07069566727893044,0.003925077787447735,0.06649860667833753,0.0006677058949148269,0.06285792341444409,OK
M7-COUPLED_m1p5_s214_EB,M7_COUPLED,1.5,0.01356669479757005,0.0002627341278195091,0.014995670733270692,0.0001330396066975054,-0.10740981360157875,OK
M7-COUPLED_m1p5_s215_EC,M7_COUPLED,1.5,0.013003363766505302,8.139226979198421e-06,0.013025826422242934,0.00012995224539526104,-0.0017285315593670869,OK
M7-COUPLED_m1p5_s216_ED,M7_COUPLED,1.5,0.0474576896225168,0.001028884554384373,0.0450246817970336,0.00046428805068132425,0.05240298176773779,OK
M7-COUPLED_m1p5_s217_EA,M7_COUPLED,1.5,0.08012205189890802,0.005125321915996856,0.07533420247390807,0.0007499672998291117,0.06384077580570405,OK
M7-COUPLED_m1p5_s218_EB,M7_COUPLED,1.5,0.013597175795141234,0.0003254587058188663,0.015289371669293745,0.00013271717089322367,-0.12750391398215924,OK
M7-COUPLED_m1p5_s219_EC,M7_COUPLED,1.5,0.012940806810755894,9.327279696014627e-06,0.012966674727540872,0.0001293147953105988,-0.002000383384039396,OK
M7-COUPLED_m1p5_s220_ED,M7_COUPLED,1.5,0.052126668680906846,0.0012686536596331185,0.049454777626159616,0.0005085801502127372,0.052536282700565214,OK
