case_id,m,information_rank,parameter_dimension,nullspace_dimension,functional_hidden_voltage_residual,smallest_singular_value
M6-OPERATING-POINT_m0p5_s611_EC,0.5,25,43,18,0.04194808388032854,4.035845858068774e-18
M6-OPERATING-POINT_m0p5_s612_ED,0.5,25,43,18,0.041948063085128204,3.987980128366055e-18
M6-OPERATING-POINT_m0p5_s613_EA,0.5,25,43,18,0.04194807412537337,3.863344896966186e-18
M6-OPERATING-POINT_m0p5_s614_EB,0.5,25,43,18,0.041948045566631564,6.110700732957058e-18
M6-OPERATING-POINT_m0p5_s615_EC,0.5,25,43,18,0.041948090543461165,5.79854391216301e-18
M6-OPERATING-POINT_m0p5_s616_ED,0.5,25,43,18,0.04194806505023539,3.389176901575374e-18
M6-OPERATING-POINT_m0p5_s617_EA,0.5,25,43,18,0.041948077404848017,9.142928695256918e-18
M6-OPERATING-POINT_m0p5_s618_EB,0.5,25,43,18,0.041948045566631564,6.110700732957058e-18
M6-OPERATING-POINT_m0p5_s619_EC,0.5,25,43,18,0.04194809720656173,4.757617475479435e-18
M6-OPERATING-POINT_m0p5_s620_ED,0.5,25,43,18,0.04194806696536932,5.9527813394558205e-18
M6-OPERATING-POINT_m0p5_s621_EA,0.5,25,43,18,0.041948063085128204,3.987980128366055e-18
M6-OPERATING-POINT_m0p5_s622_EB,0.5,25,43,18,0.041948045566631564,6.110700732957058e-18
M6-OPERATING-POINT_m0p5_s623_EC,0.5,25,43,18,0.041948070553946865,1.983884889337588e-18
M6-OPERATING-POINT_m0p5_s624_ED,0.5,25,43,18,0.04194805900499362,4.353199814114783e-18
M6-OPERATING-POINT_m0p5_s625_EA,0.5,25,43,18,0.04194806696536932,5.9527813394558205e-18
M6-OPERATING-POINT_m0p5_s626_EB,0.5,25,43,18,0.041948045566631564,6.110700732957058e-18
M6-OPERATING-POINT_m0p5_s627_EC,0.5,25,43,18,0.04194807721715857,2.6899955011245588e-18
M6-OPERATING-POINT_m0p5_s628_ED,0.5,25,43,18,0.04194806107004183,3.2336423585069825e-18
M6-OPERATING-POINT_m0p5_s629_EA,0.5,25,43,18,0.04194807064546193,5.194988047094579e-18
M6-OPERATING-POINT_m0p5_s630_EB,0.5,25,43,18,0.041948045566631564,6.110700732957058e-18
M6-OPERATING-POINT_m1p0_s611_EC,1.0,25,43,18,0.04193255333758654,2.5247958317524413e-18
M6-OPERATING-POINT_m1p0_s612_ED,1.0,25,43,18,0.04193249879360946,2.622763491522966e-18
M6-OPERATING-POINT_m1p0_s613_EA,1.0,25,43,18,0.04193248493781886,3.6794026295940974e-18
M6-OPERATING-POINT_m1p0_s614_EB,1.0,25,43,18,0.04193251438482134,4.824548911095669e-18
M6-OPERATING-POINT_m1p0_s615_EC,1.0,25,43,18,0.04193256011185661,5.664373918449076e-18
M6-OPERATING-POINT_m1p0_s616_ED,1.0,25,43,18,0.0419324966131934,2.0277909739674937e-18
M6-OPERATING-POINT_m1p0_s617_EA,1.0,25,43,18,0.04193247990645415,2.2598020276180807e-18
M6-OPERATING-POINT_m1p0_s618_EB,1.0,25,43,18,0.04193251438482134,4.824548911095669e-18
M6-OPERATING-POINT_m1p0_s619_EC,1.0,25,43,18,0.0419325668860997,4.568599005399284e-18
M6-OPERATING-POINT_m1p0_s620_ED,1.0,25,43,18,0.041932494381238125,3.7129349181743306e-18
M6-OPERATING-POINT_m1p0_s621_EA,1.0,25,43,18,0.04193249879360946,2.622763491522966e-18
M6-OPERATING-POINT_m1p0_s622_EB,1.0,25,43,18,0.04193251438482134,4.824548911095669e-18
M6-OPERATING-POINT_m1p0_s623_EC,1.0,25,43,18,0.041932539788933874,3.547145893777577e-18
M6-OPERATING-POINT_m1p0_s624_ED,1.0,25,43,18,0.041932503000015005,3.9995436456228084e-18
M6-OPERATING-POINT_m1p0_s625_EA,1.0,25,43,18,0.041932494381238125,3.7129349181743306e-18
M6-OPERATING-POINT_m1p0_s626_EB,1.0,25,43,18,0.04193251438482134,4.824548911095669e-18
M6-OPERATING-POINT_m1p0_s627_EC,1.0,25,43,18,0.04193254656327885,4.657239828694177e-18
M6-OPERATING-POINT_m1p0_s628_ED,1.0,25,43,18,0.04193250092255058,5.000248989833228e-18
M6-OPERATING-POINT_m1p0_s629_EA,1.0,25,43,18,0.041932489762691635,6.170356452441137e-18
M6-OPERATING-POINT_m1p0_s630_EB,1.0,25,43,18,0.04193251438482134,4.824548911095669e-18
M6-OPERATING-POINT_m1p5_s611_EC,1.5,25,43,18,0.04191683673150064,4.4217683139964476e-18
M6-OPERATING-POINT_m1p5_s612_ED,1.5,25,43,18,0.04191674743624361,3.2089086632423167e-18
M6-OPERATING-POINT_m1p5_s613_EA,1.5,25,43,18,0.04191670793334469,4.191007250481276e-18
M6-OPERATING-POINT_m1p5_s614_EB,1.5,25,43,18,0.04191679713722127,4.7794863356527214e-18
M6-OPERATING-POINT_m1p5_s615_EC,1.5,25,43,18,0.04191684361733714,3.2385818202514505e-18
M6-OPERATING-POINT_m1p5_s616_ED,1.5,25,43,18,0.04191674098515714,2.6422482570227645e-18
M6-OPERATING-POINT_m1p5_s617_EA,1.5,25,43,18,0.0419166943405747,5.314146492524331e-18
M6-OPERATING-POINT_m1p5_s618_EB,1.5,25,43,18,0.04191679713722127,4.7794863356527214e-18
M6-OPERATING-POINT_m1p5_s619_EC,1.5,25,43,18,0.041916850503137516,6.8804617612670256e-18
M6-OPERATING-POINT_m1p5_s620_ED,1.5,25,43,18,0.0419167344810063,1.9914319935113577e-18
M6-OPERATING-POINT_m1p5_s621_EA,1.5,25,43,18,0.04191674743624361,3.2089086632423167e-18
M6-OPERATING-POINT_m1p5_s622_EB,1.5,25,43,18,0.04191679713722127,4.7794863356527214e-18
M6-OPERATING-POINT_m1p5_s623_EC,1.5,25,43,18,0.04191682295971596,3.3967162573690305e-18
M6-OPERATING-POINT_m1p5_s624_ED,1.5,25,43,18,0.04191676017931833,3.3857474860436727e-18
M6-OPERATING-POINT_m1p5_s625_EA,1.5,25,43,18,0.0419167344810063,1.9914319935113577e-18
M6-OPERATING-POINT_m1p5_s626_EB,1.5,25,43,18,0.04191679713722127,4.7794863356527214e-18
M6-OPERATING-POINT_m1p5_s627_EC,1.5,25,43,18,0.04191682984562577,4.581883943921598e-18
M6-OPERATING-POINT_m1p5_s628_ED,1.5,25,43,18,0.041916753834293975,4.242583876995287e-18
M6-OPERATING-POINT_m1p5_s629_EA,1.5,25,43,18,0.04191672131343396,3.286294605325178e-18
M6-OPERATING-POINT_m1p5_s630_EB,1.5,25,43,18,0.04191679713722127,4.7794863356527214e-18
