case_id,m,runtime_ms,iterations,ac_residual,converged
M6-OPERATING-POINT_m0p5_s611_EC,0.5,63.02910001249984,5,4.6671733300307494e-07,True
M6-OPERATING-POINT_m0p5_s612_ED,0.5,45.01359999994747,4,2.2344021521458757e-05,True
M6-OPERATING-POINT_m0p5_s613_EA,0.5,43.525599990971386,4,3.912234497605027e-05,True
M6-OPERATING-POINT_m0p5_s614_EB,0.5,64.7027000086382,5,5.234750299898394e-09,True
M6-OPERATING-POINT_m0p5_s615_EC,0.5,66.26280001364648,5,5.476662021663969e-07,True
M6-OPERATING-POINT_m0p5_s616_ED,0.5,47.5354999944102,4,2.5139195820367277e-05,True
M6-OPERATING-POINT_m0p5_s617_EA,0.5,47.02919998089783,4,4.4718997479042955e-05,True
M6-OPERATING-POINT_m0p5_s618_EB,0.5,62.52070001210086,5,5.234750299898394e-09,True
M6-OPERATING-POINT_m0p5_s619_EC,0.5,62.327499996172264,5,6.286148752643328e-07,True
M6-OPERATING-POINT_m0p5_s620_ED,0.5,49.025599990272895,4,2.793485560692588e-05,True
M6-OPERATING-POINT_m0p5_s621_EA,0.5,46.31170001812279,4,2.2344021521458757e-05,True
M6-OPERATING-POINT_m0p5_s622_EB,0.5,60.76520000351593,5,5.234750299898394e-09,True
M6-OPERATING-POINT_m0p5_s623_EC,0.5,59.965699998429045,5,3.048190075904955e-07,True
M6-OPERATING-POINT_m0p5_s624_ED,0.5,46.5826999861747,4,1.6755129615519948e-05,True
M6-OPERATING-POINT_m0p5_s625_EA,0.5,44.08220000914298,4,2.793485560692588e-05,True
M6-OPERATING-POINT_m0p5_s626_EB,0.5,77.61959999334067,5,5.234750299898394e-09,True
M6-OPERATING-POINT_m0p5_s627_EC,0.5,70.82990001072176,5,3.8576826089098404e-07,True
M6-OPERATING-POINT_m0p5_s628_ED,0.5,55.29799999203533,4,1.9549332707313738e-05,True
M6-OPERATING-POINT_m0p5_s629_EA,0.5,50.93999998643994,4,3.3527630629803795e-05,True
M6-OPERATING-POINT_m0p5_s630_EB,0.5,69.73439999273978,5,5.234750299898394e-09,True
M6-OPERATING-POINT_m1p0_s611_EC,1.0,73.54070001747459,5,4.746833350832702e-07,True
M6-OPERATING-POINT_m1p0_s612_ED,1.0,75.1610999868717,5,2.270166847906374e-05,True
M6-OPERATING-POINT_m1p0_s613_EA,1.0,78.14379999763332,5,3.974869936307357e-05,True
M6-OPERATING-POINT_m1p0_s614_EB,1.0,68.1779999868013,5,1.0490857071943083e-08,True
M6-OPERATING-POINT_m1p0_s615_EC,1.0,63.30800001160242,5,5.567987853005718e-07,True
M6-OPERATING-POINT_m1p0_s616_ED,1.0,62.54400001489557,5,2.5541594154132596e-05,True
M6-OPERATING-POINT_m1p0_s617_EA,1.0,60.76389999361709,5,4.5435027786311366e-05,True
M6-OPERATING-POINT_m1p0_s618_EB,1.0,61.08250000397675,5,1.0490857071943083e-08,True
M6-OPERATING-POINT_m1p0_s619_EC,1.0,61.18859999696724,5,6.389139346474337e-07,True
M6-OPERATING-POINT_m1p0_s620_ED,1.0,59.48450000141747,5,2.8382018330885828e-05,True
M6-OPERATING-POINT_m1p0_s621_EA,1.0,59.52670000260696,5,2.270166847906374e-05,True
M6-OPERATING-POINT_m1p0_s622_EB,1.0,61.088899994501844,5,1.0490857071943083e-08,True
M6-OPERATING-POINT_m1p0_s623_EC,1.0,60.823600011644885,5,3.1045202719681697e-07,True
M6-OPERATING-POINT_m1p0_s624_ED,1.0,58.721099980175495,5,1.7023314613284768e-05,True
M6-OPERATING-POINT_m1p0_s625_EA,1.0,60.427999997045845,5,2.8382018330885828e-05,True
M6-OPERATING-POINT_m1p0_s626_EB,1.0,64.51060000108555,5,1.0490857071943083e-08,True
M6-OPERATING-POINT_m1p0_s627_EC,1.0,60.68920000689104,5,3.9256781048102596e-07,True
M6-OPERATING-POINT_m1p0_s628_ED,1.0,60.758400009945035,5,1.9862242061963187e-05,True
M6-OPERATING-POINT_m1p0_s629_EA,1.0,61.955399985890836,5,3.4064362399055526e-05,True
M6-OPERATING-POINT_m1p0_s630_EB,1.0,60.32490002689883,5,1.0490857071943083e-08,True
M6-OPERATING-POINT_m1p5_s611_EC,1.5,62.22270001308061,5,4.826453423589783e-07,True
M6-OPERATING-POINT_m1p5_s612_ED,1.5,60.99040000117384,5,2.306010043451323e-05,True
M6-OPERATING-POINT_m1p5_s613_EA,1.5,61.511100007919595,6,4.037643328480556e-05,True
M6-OPERATING-POINT_m1p5_s614_EB,1.5,61.41859997296706,5,1.5768304106877906e-08,True
M6-OPERATING-POINT_m1p5_s615_EC,1.5,60.466599999926984,5,5.659263180302077e-07,True
M6-OPERATING-POINT_m1p5_s616_ED,1.5,60.95439998898655,5,2.5944875746919394e-05,True
M6-OPERATING-POINT_m1p5_s617_EA,1.5,61.471099994378164,5,4.6152637084295733e-05,True
M6-OPERATING-POINT_m1p5_s618_EB,1.5,70.98469999618828,5,1.5768304106877906e-08,True
M6-OPERATING-POINT_m1p5_s619_EC,1.5,68.37960000848398,5,6.492070836472408e-07,True
M6-OPERATING-POINT_m1p5_s620_ED,1.5,75.3944999887608,5,2.8830163462112424e-05,True
M6-OPERATING-POINT_m1p5_s621_EA,1.5,69.06499998876825,5,2.306010043451323e-05,True
M6-OPERATING-POINT_m1p5_s622_EB,1.5,65.9217000065837,5,1.5768304106877906e-08,True
M6-OPERATING-POINT_m1p5_s623_EC,1.5,79.1495000012219,5,3.160827690695811e-07,True
M6-OPERATING-POINT_m1p5_s624_ED,1.5,75.96390001708642,5,1.7292087307163584e-05,True
M6-OPERATING-POINT_m1p5_s625_EA,1.5,74.11650000722148,5,2.8830163462112424e-05,True
M6-OPERATING-POINT_m1p5_s626_EB,1.5,75.061999988975,5,1.5768304106877906e-08,True
M6-OPERATING-POINT_m1p5_s627_EC,1.5,74.23930001095869,5,3.9936415685559723e-07,True
M6-OPERATING-POINT_m1p5_s628_ED,1.5,69.85830000485294,5,2.0175837524449847e-05,True
M6-OPERATING-POINT_m1p5_s629_EA,1.5,69.33009999920614,5,3.4602274902040264e-05,True
M6-OPERATING-POINT_m1p5_s630_EB,1.5,69.99690001248382,5,1.5768304106877906e-08,True
