feature_variant,included_groups,feature_count,architecture,model_seed,split,frozen_contract_only,detection_precision,detection_recall,detection_f1,event_macro_f1_all_labels,event_weighted_f1_all_labels,event_macro_f1_abnormal,event_weighted_f1_abnormal,normal_minutes,false_positive_samples,false_positive_fraction,false_alarm_episodes,false_alarm_episodes_per_min,event_scenarios,detected_event_scenarios,scenario_detection_rate,delay_mean_s,delay_median_s,delay_p95_s,physical_n,physical_top1,physical_top3,physical_prediction_coverage,physical_electrical_distance_conditional,physical_electrical_distance_penalized,integrity_n,integrity_top1,integrity_top3,integrity_prediction_coverage,integrity_electrical_distance_conditional,integrity_electrical_distance_penalized,validation_selected,frozen_trajectories_only,derivation_version
base_136,"[""voltage_magnitude"", ""voltage_angle"", ""frequency"", ""missingness"", ""disturbance_score""]",136,typed,11,validation,True,0.9811179192197074,0.9490746340873352,0.9648303000491883,0.7667920505766551,0.9258222564478504,0.7454675700413371,0.8530829962707175,7.1509094444444425,151,0.0116954534892727,26,3.635901167815719,137,129,0.9416058394160584,0.0303077519379845,0.0001000000000002,0.1534333333333328,7915,0.517877447883765,0.641566645609602,0.94188250157928,0.0154940509875583,0.0217498723889787,2212,0.8462929475587704,0.8508137432188065,0.8594032549728752,0.0008362896384094,0.0180310871329025,False,,
base_136,"[""voltage_magnitude"", ""voltage_angle"", ""frequency"", ""missingness"", ""disturbance_score""]",136,typed,11,test,True,0.9791510611735332,0.9487117454941332,0.9636910978681577,0.7797543173722125,0.9370310751243146,0.7607629768403956,0.8838976676038136,7.1509094444444425,167,0.0129347068391294,27,3.7757435204240153,137,129,0.9416058394160584,0.0323741602067183,0.0001000000000002,0.133433333333333,7915,0.5144662034112445,0.650157927984839,0.9415034744156664,0.0157768736601904,0.022056949753132,2212,0.8607594936708861,0.8630198915009042,0.8679927667269439,0.0003925372036058,0.0165954272087116,False,,
base_136,"[""voltage_magnitude"", ""voltage_angle"", ""frequency"", ""missingness"", ""disturbance_score""]",136,typed,29,validation,True,0.9809535665380308,0.9531873714769564,0.9668711656441716,0.7809411625711999,0.9300527092271892,0.7618861325019005,0.8621753861752182,7.1509094444444425,153,0.0118503601580048,28,3.915585873032312,137,129,0.9416058394160584,0.0248790697674419,0.0001000000000002,0.133433333333333,7915,0.5144662034112445,0.6447252053063803,0.9516108654453568,0.0152932842199584,0.0205116504473595,2212,0.8539783001808319,0.8621157323688969,0.8639240506329114,0.000454333244899,0.0171482184390117,False,,
base_136,"[""voltage_magnitude"", ""voltage_angle"", ""frequency"", ""missingness"", ""disturbance_score""]",136,typed,29,test,True,0.9814330218068535,0.952703520019354,0.9668548981095016,0.8017639302712197,0.9445016997695012,0.78462009509918,0.8989106184169314,7.1509094444444425,149,0.0115405468205406,27,3.7757435204240153,137,129,0.9416058394160584,0.025395865633075,0.0001000000000002,0.133433333333333,7915,0.4811118130132659,0.6451042324699937,0.9516108654453568,0.0168204267400978,0.0219648958626078,2212,0.879746835443038,0.8811030741410488,0.8815551537070524,7.628070311153687e-05,0.0146519491808309,False,,
base_136,"[""voltage_magnitude"", ""voltage_angle"", ""frequency"", ""missingness"", ""disturbance_score""]",136,typed,47,validation,True,0.9804190571214768,0.9508890770533446,0.9654283082591342,0.7640955709726204,0.9240884830348832,0.7423669137766367,0.8484910860212609,7.1509094444444425,157,0.0121601734954689,33,4.614797636073797,137,129,0.9416058394160584,0.0261749354005168,0.0001000000000002,0.133433333333333,7915,0.5075173720783323,0.6288060644346178,0.9385975994946304,0.0155664834864736,0.0221714472638836,2212,0.8535262206148282,0.8594032549728752,0.8639240506329114,0.0008344405263357,0.0174766022612656,False,,
base_136,"[""voltage_magnitude"", ""voltage_angle"", ""frequency"", ""missingness"", ""disturbance_score""]",136,typed,47,test,True,0.981275745849457,0.9508890770533446,0.965843469713724,0.7918295911675747,0.9404536971425448,0.7738558944019276,0.889589795192122,7.1509094444444425,150,0.0116180001549066,32,4.4749552834655,137,129,0.9416058394160584,0.0282397932816538,0.0001000000000002,0.133433333333333,7915,0.4913455464308275,0.641566645609602,0.9365761212886924,0.0160759033575246,0.0228660051179775,2212,0.8707052441229657,0.8779385171790235,0.8788426763110307,0.0004751272335806,0.01533626646771,False,,
voltage_only,"[""voltage_magnitude""]",40,typed,11,validation,True,0.7057645023221929,0.9374621991048748,0.8052784704904405,0.481152685376089,0.7085129064817359,0.4893097908807616,0.5655933404811212,7.1509094444444425,3231,0.2502517233366896,689,96.35138094711654,137,137,1.0,0.0258199513381994,0.0,0.1734133333333325,7915,0.3648768161718256,0.4723941882501579,0.7776373973468098,0.0175337376713541,0.0410155042980523,2212,0.533001808318264,0.608499095840868,0.7305605786618445,0.0128885712045485,0.0425932992365149,False,,
voltage_only,"[""voltage_magnitude""]",40,typed,11,test,True,0.7473840078973346,0.9158098463771622,0.8230689786378214,0.5026915882845082,0.7437013743027504,0.5061892622590158,0.6059983480693798,7.1509094444444425,2559,0.1982030826427077,642,89.7787903745266,137,137,1.0,0.0345907542579075,0.0,0.2467666666666652,7915,0.3533796588755527,0.4682248894504106,0.7416298168035376,0.0169534462061817,0.0443875880090262,2212,0.5339059674502713,0.6193490054249547,0.6880650994575045,0.0096248737314288,0.0450326367943099,False,,
voltage_only,"[""voltage_magnitude""]",40,typed,29,validation,True,0.7726346763241285,0.8258134752630942,0.798339472607145,0.4842860182418589,0.7283518580788517,0.4777157468509276,0.5594366688840655,7.1509094444444425,2009,0.1556037487413833,698,97.60996212059122,137,137,1.0,0.0659907542579074,0.0001000000000002,0.4134133333333313,7915,0.3440303221730891,0.4574857864813645,0.7142135186355022,0.0165368193896494,0.0470011320380354,2212,0.4886980108499096,0.5203435804701627,0.5994575045207957,0.0073517823924314,0.0537278724664906,False,,
voltage_only,"[""voltage_magnitude""]",40,typed,29,test,True,0.8139678615574784,0.796540462078142,0.8051598703918812,0.492021449017123,0.7450111688712818,0.4813690533355975,0.574564305153865,7.1509094444444425,1505,0.1165672682208969,575,80.4093527497707,137,136,0.9927007299270072,0.0753075980392155,0.0001000000000002,0.4000999999999988,7915,0.3173720783322805,0.4373973468098547,0.6864181933038535,0.0164300250377733,0.0498907569482719,2212,0.5013562386980108,0.5339059674502713,0.5858951175406871,0.0066159697338322,0.054867059926029,False,,
voltage_only,"[""voltage_magnitude""]",40,typed,47,validation,True,0.6874156696950616,0.9243982097496068,0.7884853487412299,0.473583701705666,0.7000111867695608,0.4825509487297263,0.5637676403543899,7.1509094444444425,3475,0.2691503369220045,775,108.37782327143007,137,137,1.0,0.0241167883211678,0.0,0.133433333333333,7915,0.3614655716993051,0.4702463676563487,0.7672773215413772,0.0167180706045298,0.0414836983099483,2212,0.5081374321880651,0.5764014466546112,0.705244122965642,0.0130381443744458,0.0454898331069982,False,,
voltage_only,"[""voltage_magnitude""]",40,typed,47,test,True,0.7186304514154552,0.9089149631063264,0.8026491481066068,0.4701442951341672,0.7175916790874819,0.4725494313715018,0.5682784692947771,7.1509094444444425,2942,0.2278677097049028,782,109.35671973968816,137,137,1.0,0.0163411192214112,0.0,0.1000999999999998,7915,0.3374605180037903,0.4549589387239419,0.7303853442830069,0.0162620059460235,0.0450765254921845,2212,0.5040687160940326,0.5705244122965641,0.659132007233273,0.0106274848187775,0.0489776881658672,False,,
angle_only,"[""voltage_angle""]",40,typed,11,validation,True,0.9527791441219872,0.9372202733760736,0.9449356668089518,0.5116636812810333,0.8202829533323917,0.4722863227347729,0.6141643299660425,7.1509094444444425,384,0.029742080396561,38,5.314009399115281,137,129,0.9416058394160584,0.0522824289405684,0.0001000000000002,0.2334333333333327,7915,0.4005053695514845,0.5404927353126974,0.9403663929248264,0.0173634952055845,0.0236710302459648,2212,0.283001808318264,0.3887884267631103,0.4891500904159132,0.0210961449499132,0.0732226735504339,False,,
angle_only,"[""voltage_angle""]",40,typed,11,test,True,0.9542370790674726,0.935768719003266,0.9449126664223768,0.5130014946809213,0.8292511575548855,0.4733233818712992,0.6364279113082009,7.1509094444444425,371,0.0287351870498024,40,5.593694104331875,137,129,0.9416058394160584,0.0517656330749354,0.0001000000000002,0.2334333333333327,7915,0.4237523689197726,0.5440303221730891,0.9377132027795324,0.0162859176432654,0.0229412033943693,2212,0.3883363471971067,0.4959312839059674,0.5795660036166366,0.0139626708238594,0.0598624201937154,False,,
angle_only,"[""voltage_angle""]",40,typed,29,validation,True,0.9569413511507052,0.9355267932744648,0.946112912104716,0.5110131804130363,0.8237172648731622,0.4702106421437692,0.6196902144226484,7.1509094444444425,348,0.0269537603593834,39,5.453851751723578,137,129,0.9416058394160584,0.0571919896640826,0.0001000000000002,0.2334333333333327,7915,0.4015161086544536,0.5350600126342387,0.9416298168035376,0.0167267720799736,0.022937838548884,2212,0.294755877034358,0.3964737793851718,0.4918625678119349,0.0199120778072046,0.0723634972171921,False,,
angle_only,"[""voltage_angle""]",40,typed,29,test,True,0.956742059077988,0.9363735333252692,0.9464482210539186,0.5095486442583347,0.8297385455623114,0.4683155173440136,0.6351003497651595,7.1509094444444425,350,0.0271086670281155,38,5.314009399115281,137,129,0.9416058394160584,0.0522824289405684,0.0001000000000002,0.2534333333333324,7915,0.4231206569804169,0.5543903979785217,0.9387239418825016,0.0162275324208687,0.0227783992649089,2212,0.3910488245931284,0.4801084990958408,0.5705244122965641,0.0137976518436267,0.0607553642212983,False,,
angle_only,"[""voltage_angle""]",40,typed,47,validation,True,0.9534340828111562,0.9386718277488812,0.945995367548458,0.5140426723164379,0.8219068682722981,0.474552378360485,0.6172057032990301,7.1509094444444425,379,0.0293548137247308,38,5.314009399115281,137,129,0.9416058394160584,0.0538328165374676,0.0001000000000002,0.2334333333333327,7915,0.3993682880606443,0.54301958307012,0.9367024636765636,0.016867186555918,0.023593675940254,2212,0.2938517179023508,0.379746835443038,0.5018083182640145,0.0203486199941465,0.0715559285123392,False,,
angle_only,"[""voltage_angle""]",40,typed,47,test,True,0.9558678500986192,0.9379460505624774,0.946822150314427,0.5178794713387936,0.8308075141809894,0.478261798247264,0.6378169260968315,7.1509094444444425,358,0.0277282937030439,34,4.754639988682094,137,129,0.9416058394160584,0.0509904392764857,0.0001000000000002,0.2200999999999992,7915,0.4072015161086544,0.5506001263423879,0.9336702463676564,0.0163529408779421,0.0234357670877802,2212,0.3630198915009041,0.488245931283906,0.5849909584086799,0.0168898521272293,0.0609825399592309,False,,
frequency_only,"[""frequency""]",40,typed,11,validation,True,0.8436138500343958,0.8900447562598283,0.8662075460592148,0.5772640039785172,0.7925829466311486,0.5642643855248322,0.6419387259242733,7.1509094444444425,1364,0.1056463480752846,618,86.42257391192746,137,134,0.978102189781022,0.0547532338308456,0.0,0.2900649999999987,7915,0.278332280480101,0.4288060644346178,0.8005053695514845,0.0242580179196788,0.043983440516255,2212,0.523508137432188,0.5705244122965641,0.7002712477396021,0.0104326607377486,0.0442127856458031,False,,
frequency_only,"[""frequency""]",40,typed,11,test,True,0.8235294117647058,0.8924640135478408,0.8566120979914084,0.5982830166475126,0.7946991868658669,0.600663106749354,0.6672308189313779,7.1509094444444425,1581,0.1224537216327162,642,89.7787903745266,137,137,1.0,0.0579330900243307,0.0,0.2734333333333322,7915,0.281238155401137,0.4265319014529374,0.81452937460518,0.0241057874847971,0.0424727933684952,2212,0.5339059674502713,0.6288426763110307,0.7626582278481012,0.0137785525808913,0.0397334003687847,False,,
frequency_only,"[""frequency""]",40,typed,29,validation,True,0.9185667752442996,0.8186766662634571,0.8657499200511672,0.5875375526585188,0.8009115724449973,0.565436638663447,0.6346596457173017,7.1509094444444425,600,0.0464720006196266,261,36.498854030765486,137,133,0.9708029197080292,0.1150766917293229,0.0,0.6667066666666643,7915,0.2720151610865445,0.4099810486418193,0.7751105495893872,0.0242435099042178,0.0464831577982085,2212,0.5185352622061483,0.5519891500904159,0.6772151898734177,0.009729828990715,0.0463352884575602,False,,
frequency_only,"[""frequency""]",40,typed,29,test,True,0.8987106207629935,0.8178299262126527,0.8563647878404054,0.5942280871442969,0.798782503029534,0.5810436515347401,0.6464779764318711,7.1509094444444425,762,0.0590194407869258,324,45.30892224508818,137,133,0.9708029197080292,0.1210924812030071,0.0,0.6134333333333297,7915,0.2837650031585597,0.4295641187618446,0.7883765003158559,0.0240591922503355,0.045025956749233,2212,0.5320976491862568,0.6017179023508138,0.713381555153707,0.0115935626615202,0.0435633896409284,False,,
frequency_only,"[""frequency""]",40,typed,47,validation,True,0.837677592571876,0.90576992863191,0.870394048587702,0.5904570307842414,0.7996486178723214,0.578235554707608,0.6589277355618229,7.1509094444444425,1451,0.1123847881651305,660,92.29595272147591,137,135,0.9854014598540146,0.0454572839506171,0.0,0.3067366666666653,7915,0.2713834491471888,0.4072015161086544,0.8016424510423247,0.0249223026921967,0.0444035282283912,2212,0.5103978300180831,0.5678119349005425,0.7020795660036167,0.0107468289441867,0.0442295550652609,False,,
frequency_only,"[""frequency""]",40,typed,47,test,True,0.8227443194352526,0.9022620055642918,0.8606703975076444,0.6043455140022316,0.7985053601272135,0.6082634475090523,0.671301212205913,7.1509094444444425,1607,0.1244675083262334,607,84.8843080332362,137,136,0.9927007299270072,0.0544367647058822,0.0,0.2750999999999992,7915,0.2823752368919772,0.4267845862286797,0.8192040429564119,0.0240686894240331,0.0419794738647222,2212,0.5474683544303798,0.6274864376130199,0.755877034358047,0.0131410514582084,0.0399930949904254,False,,
integrity_only,"[""missingness"", ""disturbance_score""]",16,typed,11,validation,True,0.8449876601245739,0.8697229950405225,0.857176919408679,0.4657420434783776,0.7046130036969287,0.4307527844915789,0.4145825244017654,7.1509094444444425,1319,0.1021609480288126,617,86.28273155931917,137,131,0.9562043795620438,0.0313633587786259,0.0001000000000002,0.2000499999999994,7915,0.1653821857233101,0.2534428300694883,0.8897030953885029,0.0323297595229123,0.0423452940354779,2212,0.6035262206148282,0.6121157323688969,0.6279385171790235,0.0019518496664003,0.0470394240600038,False,,
integrity_only,"[""missingness"", ""disturbance_score""]",16,typed,11,test,True,0.8458507462686568,0.8569009314140559,0.8513399831750992,0.453957290330828,0.6987088655110776,0.4168792892539594,0.4017989004264894,7.1509094444444425,1291,0.0999922546665633,606,84.7444656806279,137,132,0.9635036496350364,0.0331444444444444,0.0001000000000002,0.133433333333333,7915,0.1610865445356917,0.2389134554643082,0.8778269109286165,0.0330059488451832,0.0440172907431397,2212,0.5917721518987342,0.6017179023508138,0.6161844484629295,0.0019487040888001,0.048461880620814,False,,
integrity_only,"[""missingness"", ""disturbance_score""]",16,typed,29,validation,True,0.8455122180451128,0.870569735091327,0.857858036831754,0.4594866323322846,0.7071092529834971,0.4246174874380998,0.4214465082895032,7.1509094444444425,1315,0.1018511346913484,620,86.70225861714405,137,130,0.948905109489051,0.0303225641025641,0.0001000000000002,0.1000999999999998,7915,0.158433354390398,0.2525584333543904,0.8929879974731523,0.0324768835861176,0.0421783878068264,2212,0.5944846292947559,0.6017179023508138,0.620253164556962,0.0021012718257278,0.0480634386997105,False,,
integrity_only,"[""missingness"", ""disturbance_score""]",16,typed,29,test,True,0.8458239008697724,0.8587153743800653,0.8522208883553422,0.4571373834331924,0.70084839489538,0.4213372741103249,0.4074619667808259,7.1509094444444425,1294,0.1002246146696615,604,84.46478097541132,137,133,0.9708029197080292,0.0323917293233082,0.0001000000000002,0.133433333333333,7915,0.1617182564750473,0.2458622867972204,0.8811118130132659,0.0322746421183391,0.0430768627116622,2212,0.6012658227848101,0.6103074141048824,0.6243218806509946,0.0015301704695462,0.0472144358390414,False,,
integrity_only,"[""missingness"", ""disturbance_score""]",16,typed,47,validation,True,0.8457559369856572,0.8702068464981251,0.8578071901269898,0.4625815598297642,0.7061313054636361,0.4274882234091671,0.4184079045785964,7.1509094444444425,1312,0.1016187746882503,631,88.24052449583533,137,129,0.9416058394160584,0.0323671834625323,0.0001000000000002,0.1800999999999988,7915,0.1551484523057485,0.2447252053063802,0.8914718888186987,0.0330147032113063,0.042795286405364,2212,0.593128390596745,0.6017179023508138,0.6216094032549728,0.0023274821970537,0.048039902597662,False,,
integrity_only,"[""missingness"", ""disturbance_score""]",16,typed,47,test,True,0.8472371404702231,0.8587153743800653,0.8529376426769194,0.459577202949378,0.7010028875932122,0.4226794495723012,0.4063267851257807,7.1509094444444425,1280,0.0991402679885369,593,82.92651509672004,137,132,0.9635036496350364,0.0316277777777777,0.0001000000000002,0.133433333333333,7915,0.1660138976626658,0.2486418193303853,0.8822488945041062,0.0325190533094864,0.0431891786087566,2212,0.6044303797468354,0.6116636528028933,0.6265822784810127,0.0015729972740266,0.0469663951128757,False,,
all_minus_voltage_magnitude,"[""voltage_angle"", ""frequency"", ""missingness"", ""disturbance_score""]",96,typed,11,validation,True,0.9665597235932872,0.947502116850127,0.956936045446216,0.7487296901879679,0.908839950984781,0.7283920567948559,0.8244020480213112,7.1509094444444425,271,0.020989853613198,43,6.013221162156765,137,129,0.9416058394160584,0.0300447028423773,0.0001000000000002,0.133433333333333,7915,0.3916614024005053,0.5172457359444094,0.9475679090334808,0.0212297752889049,0.0265728781435984,2212,0.8435804701627486,0.846745027124774,0.8494575045207957,0.0004009199640644,0.0188776113301265,False,,
all_minus_voltage_magnitude,"[""voltage_angle"", ""frequency"", ""missingness"", ""disturbance_score""]",96,typed,11,test,True,0.9673469387755104,0.9460505624773194,0.9565802348336596,0.7411682125833745,0.9086205874416532,0.7200548830216864,0.8237176484210639,7.1509094444444425,264,0.0204476802726357,35,4.894482341290391,137,129,0.9416058394160584,0.0308237726098191,0.0001000000000002,0.133433333333333,7915,0.3614655716993051,0.5407454200884396,0.947946936197094,0.0225896544615372,0.02782334659898,2212,0.8688969258589512,0.8698010849909584,0.8725135623869801,0.0002053329506802,0.015877195465772,False,,
all_minus_voltage_magnitude,"[""voltage_angle"", ""frequency"", ""missingness"", ""disturbance_score""]",96,typed,29,validation,True,0.9573718727228564,0.9535502600701584,0.9554572450154536,0.7553356494212256,0.9093190638578406,0.739932790254429,0.8320668849093595,7.1509094444444425,351,0.0271861203624816,39,5.453851751723578,137,129,0.9416058394160584,0.0261702842377261,0.0001000000000002,0.133433333333333,7915,0.389387239418825,0.5192672141503475,0.9492103600758054,0.0219250878460347,0.0270655017200252,2212,0.8729656419529838,0.8734177215189873,0.8747739602169982,0.0001550484560792,0.0155553379965425,False,,
all_minus_voltage_magnitude,"[""voltage_angle"", ""frequency"", ""missingness"", ""disturbance_score""]",96,typed,29,test,True,0.9591861598440544,0.9523406314261522,0.9557511380880122,0.7383499036361854,0.9094083984220828,0.7196596378627202,0.8310119007756055,7.1509094444444425,335,0.0259468670126248,38,5.314009399115281,137,129,0.9416058394160584,0.0256550387596899,0.0001000000000002,0.133433333333333,7915,0.3850915982312066,0.5528742893240682,0.947694251421352,0.0215633820452685,0.0268761604022017,2212,0.8756781193490054,0.8783905967450272,0.879746835443038,0.0002401372470352,0.0150186307465506,False,,
all_minus_voltage_magnitude,"[""voltage_angle"", ""frequency"", ""missingness"", ""disturbance_score""]",96,typed,47,validation,True,0.9641013031718711,0.9485907826297326,0.956283153466252,0.7578174246682696,0.910505684951789,0.739371972270845,0.8306168001365203,7.1509094444444425,292,0.0226163736348849,38,5.314009399115281,137,129,0.9416058394160584,0.0279806201550388,0.0001000000000002,0.133433333333333,7915,0.3859759949463044,0.5224257738471257,0.9522425773847124,0.0217245452234044,0.0265676461156395,2212,0.8372513562386981,0.8399638336347197,0.840867992766727,0.0001913774668244,0.019755639384572,False,,
all_minus_voltage_magnitude,"[""voltage_angle"", ""frequency"", ""missingness"", ""disturbance_score""]",96,typed,47,test,True,0.9646856158484064,0.9483488569009314,0.9564474807856532,0.7377677298639427,0.9090065918938824,0.7174372070811914,0.8263334805601152,7.1509094444444425,287,0.0222291069630547,32,4.4749552834655,137,129,0.9416058394160584,0.0297909560723514,0.0001000000000002,0.133433333333333,7915,0.3796588755527479,0.5433986102337334,0.9524952621604548,0.0220107760766477,0.0268146547747922,2212,0.8607594936708861,0.8625678119349005,0.8639240506329114,0.00014355685306,0.0168797312397331,False,,
all_minus_voltage_angle,"[""voltage_magnitude"", ""frequency"", ""missingness"", ""disturbance_score""]",96,typed,11,validation,True,0.9586827824370991,0.9402443449860892,0.9493740458015268,0.7719620910023007,0.9113238678168024,0.7593181870564354,0.8355248402164305,7.1509094444444425,335,0.0259468670126248,219,30.62547522121701,137,134,0.978102189781022,0.0251803482587064,0.0001000000000002,0.1000999999999998,7915,0.5056222362602654,0.646367656348705,0.9379658875552748,0.0158746952033951,0.0225284916427376,2212,0.8752260397830018,0.8788426763110307,0.8833634719710669,0.0004245327811375,0.0147370530558609,False,,
all_minus_voltage_angle,"[""voltage_magnitude"", ""frequency"", ""missingness"", ""disturbance_score""]",96,typed,11,test,True,0.9584995014955134,0.9303253901052376,0.944202320299552,0.806838225436446,0.9263880552205888,0.7997794506164543,0.8795967667271614,7.1509094444444425,333,0.0257919603438928,203,28.387997579484264,137,135,0.9854014598540146,0.0257338271604938,0.0001000000000002,0.1333633333333329,7915,0.476310802274163,0.6419456727732155,0.9233101705622236,0.0168035070548893,0.0249580494199559,2212,0.8955696202531646,0.9018987341772152,0.9041591320072332,0.0004272459889914,0.0121876615273745,False,,
all_minus_voltage_angle,"[""voltage_magnitude"", ""frequency"", ""missingness"", ""disturbance_score""]",96,typed,29,validation,True,0.9567627494456764,0.9395185677996856,0.9480622520598108,0.7755685593323468,0.9123308340670108,0.7616811329944324,0.8389744342291369,7.1509094444444425,351,0.0271861203624816,214,29.92626345817553,137,134,0.978102189781022,0.0309017412935323,0.0001000000000002,0.1000999999999998,7915,0.5100442198357549,0.6399241945672773,0.934301958307012,0.0161236360379719,0.023154071639034,2212,0.8770343580470162,0.8838155515370705,0.8842676311030742,0.0003101169551342,0.0145249290748688,False,,
all_minus_voltage_angle,"[""voltage_magnitude"", ""frequency"", ""missingness"", ""disturbance_score""]",96,typed,29,test,True,0.9581881533101044,0.9314140558848434,0.94461142121082,0.8054160859662522,0.9277173870151756,0.7956329499006833,0.8819654841373691,7.1509094444444425,336,0.0260243203469909,198,27.68878581644278,137,133,0.9708029197080292,0.0216065162907268,0.0001000000000002,0.1000999999999998,7915,0.4816171825647505,0.6218572331017056,0.9252053063802906,0.0165654455801938,0.024536281101285,2212,0.8874321880650995,0.891500904159132,0.891500904159132,0.0002050772678244,0.0135428603411761,False,,
all_minus_voltage_angle,"[""voltage_magnitude"", ""frequency"", ""missingness"", ""disturbance_score""]",96,typed,47,validation,True,0.9677744209466264,0.929962501512036,0.948491764851027,0.7785883110697117,0.9160740161231732,0.7626315234112965,0.845038925736473,7.1509094444444425,256,0.0198280535977073,152,21.256037596461123,137,133,0.9708029197080292,0.0316390977443609,0.0001000000000002,0.1134333333333328,7915,0.5073910296904611,0.6445988629185092,0.934301958307012,0.0155123462684515,0.0225829424102781,2212,0.8670886075949367,0.8711573236889693,0.8711573236889693,0.0001558369900898,0.0160007986388605,False,,
all_minus_voltage_angle,"[""voltage_magnitude"", ""frequency"", ""missingness"", ""disturbance_score""]",96,typed,47,test,True,0.971276054905948,0.9243982097496068,0.9472575147195538,0.7971601096864167,0.9267125978747977,0.7832277899439204,0.8726251828702197,7.1509094444444425,226,0.017504453566726,137,19.158402307336672,137,134,0.978102189781022,0.0274199004975124,0.0001000000000002,0.133433333333333,7915,0.4895767530006317,0.6284270372710045,0.925584333543904,0.0159624879507427,0.0239378002181012,2212,0.8842676311030742,0.8860759493670886,0.8869801084990958,0.0001080700913337,0.0140125578666368,False,,
all_minus_frequency,"[""voltage_magnitude"", ""voltage_angle"", ""missingness"", ""disturbance_score""]",96,typed,11,validation,True,0.9800796812749004,0.9522196685617516,0.9659488312166392,0.755349214289052,0.9231873763382396,0.7326651504190547,0.8458865246088989,7.1509094444444425,160,0.0123925334985671,29,4.055428225640609,137,129,0.9416058394160584,0.0251483204134367,0.0001000000000002,0.133433333333333,7915,0.5215413771320278,0.6420720151610866,0.9485786481364498,0.0153916387346784,0.0209319468902517,2212,0.8589511754068716,0.8612115732368897,0.8675406871609403,0.0006382811111493,0.0168641093964601,False,,
all_minus_frequency,"[""voltage_magnitude"", ""voltage_angle"", ""missingness"", ""disturbance_score""]",96,typed,11,test,True,0.9817955112219452,0.9524615942905528,0.9669061214465524,0.7807854452349192,0.9398412851702412,0.7616029611812364,0.8867941016183112,7.1509094444444425,146,0.0113081868174424,27,3.7757435204240153,137,129,0.9416058394160584,0.0254074935400517,0.0001000000000002,0.133433333333333,7915,0.4919772583701832,0.6563487049905243,0.947820593809223,0.0166135981471202,0.0221718204906678,2212,0.8625678119349005,0.8657323688969258,0.8698010849909584,0.0004465872576045,0.0164204826069933,False,,
all_minus_frequency,"[""voltage_magnitude"", ""voltage_angle"", ""missingness"", ""disturbance_score""]",96,typed,29,validation,True,0.9823175319789316,0.947502116850127,0.96459577612216,0.7613408072232792,0.9261688646711334,0.7391101074989292,0.8535375603693185,7.1509094444444425,141,0.0109209201456122,27,3.7757435204240153,137,129,0.9416058394160584,0.0295434108527132,0.0001000000000002,0.133433333333333,7915,0.5166140240050537,0.6502842703727101,0.94971572962729,0.0149881916645299,0.0204262739049025,2212,0.843128390596745,0.8458408679927667,0.8521699819168174,0.0007306711037048,0.0188257019948839,False,,
all_minus_frequency,"[""voltage_magnitude"", ""voltage_angle"", ""missingness"", ""disturbance_score""]",96,typed,29,test,True,0.9821048679764736,0.9493165598161364,0.9654324025095338,0.7839681955685113,0.9417988816839435,0.7648621902629603,0.8929712795845617,7.1509094444444425,143,0.0110758268143443,24,3.3562164625991247,137,129,0.9416058394160584,0.0295426356589148,0.0001000000000002,0.133433333333333,7915,0.4722678458622868,0.6480101073910297,0.94971572962729,0.0170292442380911,0.0223646936390098,2212,0.8575949367088608,0.8603074141048824,0.8661844484629295,0.0005890243934016,0.0169875787541651,False,,
all_minus_frequency,"[""voltage_magnitude"", ""voltage_angle"", ""missingness"", ""disturbance_score""]",96,typed,47,validation,True,0.9860236716192396,0.9472601911213258,0.9662533160589796,0.7479492202433321,0.9229903155073104,0.7229025857751106,0.8419558867869718,7.1509094444444425,111,0.0085973201146309,27,3.7757435204240153,137,129,0.9416058394160584,0.0303170542635659,0.0001000000000002,0.1533733333333327,7915,0.5262160454832596,0.6496525584333543,0.9484523057485786,0.0149331477467988,0.0205107026063831,2212,0.8404159132007233,0.8476491862567812,0.8481012658227848,0.0005505375776328,0.0191709588965567,False,,
all_minus_frequency,"[""voltage_magnitude"", ""voltage_angle"", ""missingness"", ""disturbance_score""]",96,typed,47,test,True,0.9846829880728186,0.9487117454941332,0.966362740266141,0.7716088729787011,0.9400628288402124,0.750480726969813,0.8863072473900826,7.1509094444444425,122,0.0094493067926574,24,3.3562164625991247,137,129,0.9416058394160584,0.0305777777777778,0.0001000000000002,0.133433333333333,7915,0.5058749210360076,0.6514213518635502,0.9469361970941252,0.0164416905516212,0.0221032421242996,2212,0.8806509945750453,0.8833634719710669,0.8847197106690777,0.0002154752519975,0.0143856710848097,False,,
all_minus_missingness,"[""voltage_magnitude"", ""voltage_angle"", ""frequency"", ""disturbance_score""]",128,typed,11,validation,True,0.984337802280416,0.9502842627313416,0.967011324470704,0.7221799529268064,0.9048552139145366,0.6944483020578854,0.7957015980745044,7.1509094444444425,125,0.0096816667957555,28,3.915585873032312,137,129,0.9416058394160584,0.0285012919896641,0.0001000000000002,0.133433333333333,7915,0.4777005685407454,0.620214782059381,0.9406190777005684,0.0169910989602612,0.0232940203897582,2212,0.6292947558770343,0.7002712477396021,0.7188065099457505,0.0046115606898403,0.0379395740359739,False,,
all_minus_missingness,"[""voltage_magnitude"", ""voltage_angle"", ""frequency"", ""disturbance_score""]",128,typed,11,test,True,0.9853217914941664,0.9500423370025404,0.9673605123783716,0.7505354244276012,0.9253973025019566,0.7258856554847255,0.8475086649194064,7.1509094444444425,117,0.0090620401208272,24,3.3562164625991247,137,129,0.9416058394160584,0.029531007751938,0.0001000000000002,0.133433333333333,7915,0.4536955148452306,0.6142766898294377,0.939229311433986,0.0174207605209268,0.0238450863039242,2212,0.7215189873417721,0.7626582278481012,0.777124773960217,0.0032057366956261,0.0299349934438963,False,,
all_minus_missingness,"[""voltage_magnitude"", ""voltage_angle"", ""frequency"", ""disturbance_score""]",128,typed,29,validation,True,0.982793017456359,0.953429297205758,0.9678885000306994,0.7095072024888197,0.901366524271556,0.6802387824426512,0.7867891375860061,7.1509094444444425,138,0.0106885601425141,33,4.614797636073797,137,129,0.9416058394160584,0.0259118863049096,0.0001000000000002,0.133433333333333,7915,0.4668351231838282,0.6203411244472521,0.9385975994946304,0.0169613212995394,0.0234806386869116,2212,0.6306509945750453,0.7061482820976492,0.7301084990958409,0.0049078600338771,0.0368163543296832,False,,
all_minus_missingness,"[""voltage_magnitude"", ""voltage_angle"", ""frequency"", ""disturbance_score""]",128,typed,29,test,True,0.9825545171339564,0.9537921857989596,0.9679597348391848,0.736788387821963,0.9229440979133549,0.711728182721175,0.8421425427106795,7.1509094444444425,140,0.0108434668112462,37,5.174167046506984,137,129,0.9416058394160584,0.02823669250646,0.0001000000000002,0.133433333333333,7915,0.4631711939355654,0.6192040429564118,0.936070751737208,0.0173821902635036,0.0241428864805394,2212,0.7124773960216998,0.7545207956600362,0.7689873417721519,0.003933608473481,0.0314706336953881,False,,
all_minus_missingness,"[""voltage_magnitude"", ""voltage_angle"", ""frequency"", ""disturbance_score""]",128,typed,47,validation,True,0.980169618358693,0.9506471513245434,0.9651826834510284,0.7104343152556164,0.9021481202654976,0.6822086250336723,0.7926400051274843,7.1509094444444425,159,0.012315080164201,31,4.3351129308572025,137,129,0.9416058394160584,0.0269470284237726,0.0001000000000002,0.1200999999999996,7915,0.4697409981048642,0.613518635502211,0.9413771320277952,0.0172379815810308,0.0234459672164863,2212,0.6301989150090416,0.6971066907775768,0.7147377938517179,0.0038495852897556,0.0378771995547815,False,,
all_minus_missingness,"[""voltage_magnitude"", ""voltage_angle"", ""frequency"", ""disturbance_score""]",128,typed,47,test,True,0.978474555182282,0.9512519656465463,0.9646712463199216,0.73556946555586,0.9194516597226956,0.7113002298019628,0.838361790019878,7.1509094444444425,173,0.0133994268453256,27,3.7757435204240153,137,129,0.9416058394160584,0.0290149870801034,0.0001000000000002,0.133433333333333,7915,0.4710044219835755,0.6169298799747315,0.9413771320277952,0.0166323264074982,0.0228758172862284,2212,0.7106690777576854,0.7301084990958409,0.7414104882459313,0.0021410370310168,0.0334288011325655,False,,
all_minus_disturbance_score,"[""voltage_magnitude"", ""voltage_angle"", ""frequency"", ""missingness""]",128,typed,11,validation,True,0.977221243392902,0.9392766420708842,0.957873311540122,0.747031172647611,0.9153213007163412,0.7259538459854553,0.8344493745503401,7.1509094444444425,181,0.014019053520254,41,5.733536456940172,137,129,0.9416058394160584,0.0584739018087854,0.0001000000000002,0.2667666666666659,7915,0.512065698041693,0.6269109286165508,0.914845230574858,0.0147022490342871,0.0239358130613034,2212,0.8345388788426763,0.8471971066907775,0.8485533453887885,0.0004930868131592,0.0190667909375755,False,,
all_minus_disturbance_score,"[""voltage_magnitude"", ""voltage_angle"", ""frequency"", ""missingness""]",128,typed,11,test,True,0.9800756620428752,0.9401233821216888,0.95968389207878,0.7622903735423076,0.9336161606853702,0.74314607048877,0.8782040654539811,7.1509094444444425,158,0.012237626829835,34,4.754639988682094,137,129,0.9416058394160584,0.0579532299741601,0.0001000000000002,0.2667666666666659,7915,0.4851547694251421,0.6509159823120657,0.9191408717624764,0.0154109747868661,0.024121443771051,2212,0.864376130198915,0.8783905967450272,0.8824593128390597,0.0009629116537432,0.0153231002753991,False,,
all_minus_disturbance_score,"[""voltage_magnitude"", ""voltage_angle"", ""frequency"", ""missingness""]",128,typed,29,validation,True,0.9751162498429056,0.9385508648844804,0.9564842209072978,0.7517297162746094,0.9162507275150648,0.7309540045459075,0.8392054972316411,7.1509094444444425,198,0.0153357602044768,41,5.733536456940172,137,129,0.9416058394160584,0.0620860465116278,0.0001000000000002,0.2667666666666659,7915,0.5162349968414403,0.6344914718888187,0.9158559696778268,0.0151281816231105,0.0242163087663239,2212,0.8539783001808319,0.8598553345388789,0.8616636528028933,0.0004520790385705,0.0174235831343776,False,,
all_minus_disturbance_score,"[""voltage_magnitude"", ""voltage_angle"", ""frequency"", ""missingness""]",128,typed,29,test,True,0.979967242030994,0.9408491593080924,0.9600098741051593,0.7806042950074764,0.937189431746867,0.7627119378435119,0.8870935510506593,7.1509094444444425,159,0.012315080164201,28,3.915585873032312,137,129,0.9416058394160584,0.0576894056847544,0.0001000000000002,0.2534333333333324,7915,0.5012002526847757,0.6451042324699937,0.920909665192672,0.0160515353769402,0.0245208007005627,2212,0.8783905967450272,0.8824593128390597,0.885623869801085,0.0003620873892828,0.0144043755023465,False,,
all_minus_disturbance_score,"[""voltage_magnitude"", ""voltage_angle"", ""frequency"", ""missingness""]",128,typed,47,validation,True,0.97578115196386,0.9406072335792912,0.9578713968957872,0.7630144155200218,0.9200912889586522,0.7438876067465531,0.8474657226523239,7.1509094444444425,193,0.0149484935326465,38,5.314009399115281,137,129,0.9416058394160584,0.0571764857881136,0.0001000000000002,0.2334333333333327,7915,0.5096651926721415,0.6356285533796588,0.920783322804801,0.0153179534842501,0.0238588599056954,2212,0.8422242314647378,0.8508137432188065,0.8539783001808319,0.0007844356676499,0.0186502698221886,False,,
all_minus_disturbance_score,"[""voltage_magnitude"", ""voltage_angle"", ""frequency"", ""missingness""]",128,typed,47,test,True,0.9772784333417024,0.9416958993588967,0.959157272223249,0.7777378777492575,0.9360358324624226,0.7604404343464084,0.8863997345727141,7.1509094444444425,181,0.014019053520254,30,4.195270578248906,137,129,0.9416058394160584,0.0545909560723513,0.0001000000000002,0.2334333333333327,7915,0.4975363234365129,0.6576121288692356,0.9241945672773216,0.0153239791225793,0.0234966385392289,2212,0.8743218806509946,0.8783905967450272,0.8833634719710669,0.0005334505344295,0.0148332670205682,False,,
plus_multiscale,"[""voltage_magnitude"", ""voltage_angle"", ""frequency"", ""missingness"", ""disturbance_score"", ""multiscale""]",352,typed,11,validation,False,0.9965640111987784,0.9472601911213258,0.9712868217054264,0.7789625527809112,0.9353187731858176,0.7554700583704654,0.8634861947680808,7.1509094444444425,27,0.0020912400278832,18,2.517162346949344,137,129,0.9416058394160584,0.0372945736434109,0.0001000000000002,0.186766666666666,7915,0.5542640555906506,0.6842703727100442,0.9498420720151612,0.0143602802870741,0.019816193737881,2212,0.804249547920434,0.8245931283905967,0.8277576853526221,0.000478226921387,0.021604909621758,False,True,causal_v2_no_backward_fill
plus_multiscale,"[""voltage_magnitude"", ""voltage_angle"", ""frequency"", ""missingness"", ""disturbance_score"", ""multiscale""]",352,typed,11,test,False,0.9956819913639828,0.9483488569009314,0.9714391921194474,0.8035539944430714,0.9529123834670108,0.7832656194807779,0.9088753686261628,7.1509094444444425,34,0.0026334133684455,19,2.6570046995576404,137,129,0.9416058394160584,0.0349705426356589,0.0001000000000002,0.1534333333333328,7915,0.5521162349968415,0.6852811118130132,0.950726468730259,0.0140009225337604,0.0193783428247834,2212,0.870253164556962,0.8729656419529838,0.8747739602169982,0.0001938728468902,0.0155893005626452,False,True,causal_v2_no_backward_fill
plus_multiscale,"[""voltage_magnitude"", ""voltage_angle"", ""frequency"", ""missingness"", ""disturbance_score"", ""multiscale""]",352,typed,29,validation,False,0.9941911857557773,0.9523406314261522,0.9728160138391202,0.783065474126284,0.9368531952309098,0.7609641093897165,0.8672402412832612,7.1509094444444425,46,0.003562853380838,24,3.3562164625991247,137,129,0.9416058394160584,0.027474677002584,0.0001000000000002,0.133433333333333,7915,0.5699305116866709,0.6939987365761213,0.9498420720151612,0.0136641622626386,0.0191549915511841,2212,0.7956600361663653,0.8264014466546112,0.8277576853526221,0.0003403901087729,0.0214908141407922,False,True,causal_v2_no_backward_fill
plus_multiscale,"[""voltage_magnitude"", ""voltage_angle"", ""frequency"", ""missingness"", ""disturbance_score"", ""multiscale""]",352,typed,29,test,False,0.9926869247257596,0.9523406314261522,0.9720953204099272,0.8027477461036363,0.953456871217615,0.783551888773985,0.9112188262568888,7.1509094444444425,58,0.0044922933932305,19,2.6570046995576404,137,129,0.9416058394160584,0.0277330749354005,0.0001000000000002,0.133433333333333,7915,0.5703095388502842,0.6909665192672142,0.9511054958938724,0.0136528574447205,0.0190059314341994,2212,0.8603074141048824,0.8707052441229657,0.879746835443038,0.0009549206108697,0.0156474591489113,False,True,causal_v2_no_backward_fill
plus_multiscale,"[""voltage_magnitude"", ""voltage_angle"", ""frequency"", ""missingness"", ""disturbance_score"", ""multiscale""]",352,typed,47,validation,False,0.9783300685602352,0.9666142494254264,0.9724368725281411,0.8249902804790197,0.937145637825892,0.811683451429419,0.8766019056968801,7.1509094444444425,177,0.0137092401827898,34,4.754639988682094,137,134,0.978102189781022,0.0281781094527363,0.0001000000000002,0.133433333333333,7915,0.5498420720151611,0.6750473783954517,0.9567909033480732,0.0140110354354713,0.0187261824136363,2212,0.8349909584086799,0.8765822784810127,0.8774864376130199,0.0015723453979361,0.0164654165622375,False,True,causal_v2_no_backward_fill
plus_multiscale,"[""voltage_magnitude"", ""voltage_angle"", ""frequency"", ""missingness"", ""disturbance_score"", ""multiscale""]",352,typed,47,test,False,0.9804403985730102,0.9640740292730132,0.9721883386191754,0.8200510742532232,0.9522530606291804,0.8060577164351931,0.9144960783488978,7.1509094444444425,159,0.012315080164201,34,4.754639988682094,137,134,0.978102189781022,0.0304161691542288,0.0001000000000002,0.1450999999999995,7915,0.5581806696146557,0.7012002526847757,0.9567909033480732,0.0136750257092839,0.0184046913641838,2212,0.8892405063291139,0.8960216998191681,0.8973779385171791,0.00058493436449,0.0131612724697064,False,True,causal_v2_no_backward_fill
plus_adaptive_residual,"[""voltage_magnitude"", ""voltage_angle"", ""frequency"", ""missingness"", ""disturbance_score"", ""adaptive_residual""]",184,typed,11,validation,False,0.9896288891665626,0.9580258860529818,0.9735709895513216,0.7975436010615742,0.9421912818640996,0.7767118292815671,0.8825943953730345,7.1509094444444425,83,0.0064286267523816,18,2.517162346949344,137,129,0.9416058394160584,0.0119661498708011,0.0001000000000002,0.0667666666666666,7915,0.5326595072646872,0.6649399873657612,0.9672773215413772,0.0168438729362845,0.0203220025879145,2212,0.8770343580470162,0.8820072332730561,0.8842676311030742,0.0004651204211373,0.0146619936225641,False,True,causal_v2_no_backward_fill
plus_adaptive_residual,"[""voltage_magnitude"", ""voltage_angle"", ""frequency"", ""missingness"", ""disturbance_score"", ""adaptive_residual""]",184,typed,11,test,False,0.989010989010989,0.9580258860529818,0.9732718894009216,0.8174599206848554,0.9528181457723568,0.7994397600939613,0.9104201432332752,7.1509094444444425,88,0.0068158934242119,18,2.517162346949344,137,129,0.9416058394160584,0.0132596899224807,0.0001000000000002,0.0667666666666666,7915,0.5257106759317751,0.6653190145293746,0.966013897662666,0.0161623496490592,0.0197979323410143,2212,0.8946654611211573,0.8978300180831826,0.9000904159132007,0.0003184564969413,0.0125890040720275,False,True,causal_v2_no_backward_fill
plus_adaptive_residual,"[""voltage_magnitude"", ""voltage_angle"", ""frequency"", ""missingness"", ""disturbance_score"", ""adaptive_residual""]",184,typed,29,validation,False,0.9888847258648682,0.9577839603241805,0.9730859038957846,0.786480834143486,0.9380047581570358,0.7648870301011703,0.8727111913780907,7.1509094444444425,89,0.0068933467585779,24,3.3562164625991247,137,129,0.9416058394160584,0.0111925064599484,0.0001000000000002,0.0667666666666666,7915,0.5204042956411876,0.6716361339229311,0.9698041692987998,0.0166129651196588,0.0198294857843469,2212,0.8607594936708861,0.8612115732368897,0.8657323688969258,0.000377155277042,0.0168595573236521,False,True,causal_v2_no_backward_fill
plus_adaptive_residual,"[""voltage_magnitude"", ""voltage_angle"", ""frequency"", ""missingness"", ""disturbance_score"", ""adaptive_residual""]",184,typed,29,test,False,0.9892634207240948,0.9585097375105842,0.9736437918535356,0.8187646373306314,0.951811773293216,0.8009438893044762,0.90730174132502,7.1509094444444425,86,0.0066609867554798,21,2.9366894047742345,137,129,0.9416058394160584,0.0119653746770027,0.0001000000000002,0.0667666666666666,7915,0.5148452305748579,0.6711307643714466,0.9674036639292484,0.0167247049651373,0.0201932899839896,2212,0.8693490054249547,0.8833634719710669,0.885623869801085,0.0008988903430923,0.01487978101162,False,True,causal_v2_no_backward_fill
plus_adaptive_residual,"[""voltage_magnitude"", ""voltage_angle"", ""frequency"", ""missingness"", ""disturbance_score"", ""adaptive_residual""]",184,typed,47,validation,False,0.9876141623920932,0.9548808515785654,0.9709717097170972,0.7805077647429182,0.9360836552779004,0.7580578941524574,0.870394134997724,7.1509094444444425,99,0.0076678801022384,34,4.754639988682094,137,129,0.9416058394160584,0.0127421188630492,0.0001000000000002,0.0667666666666666,7915,0.5192672141503475,0.6711307643714466,0.967150979153506,0.0164694122412951,0.019973271632115,2212,0.8440325497287523,0.8458408679927667,0.8481012658227848,0.0002647142502672,0.0189285517708163,False,True,causal_v2_no_backward_fill
plus_adaptive_residual,"[""voltage_magnitude"", ""voltage_angle"", ""frequency"", ""missingness"", ""disturbance_score"", ""adaptive_residual""]",184,typed,47,test,False,0.987495310741528,0.9552437401717672,0.971101819970487,0.8084832139773686,0.9510488651941222,0.7896972238727195,0.9086790553394418,7.1509094444444425,100,0.0077453334366044,28,3.915585873032312,137,129,0.9416058394160584,0.0132581395348838,0.0001000000000002,0.0667666666666666,7915,0.5192672141503475,0.6754264055590651,0.965255843335439,0.0163599574356596,0.02006976547548,2212,0.8829113924050633,0.8851717902350814,0.8869801084990958,0.0002401097109021,0.0141296743827278,False,True,causal_v2_no_backward_fill
plus_graph_temporal,"[""voltage_magnitude"", ""voltage_angle"", ""frequency"", ""missingness"", ""disturbance_score"", ""graph_temporal""]",184,typed,11,validation,False,0.9917428861788616,0.9443570823757108,0.9674701034760518,0.7721448783918827,0.929671355251139,0.7486904513288475,0.8549856909478808,7.1509094444444425,65,0.0050344667337928,24,3.3562164625991247,137,129,0.9416058394160584,0.034193023255814,0.0001000000000002,0.1667666666666662,7915,0.57094125078964,0.685912823752369,0.9326595072646872,0.0107108926911325,0.0182815859862472,2212,0.8535262206148282,0.8594032549728752,0.8634719710669078,0.000720047377396,0.0174331165573443,False,True,causal_v2_no_backward_fill
plus_graph_temporal,"[""voltage_magnitude"", ""voltage_angle"", ""frequency"", ""missingness"", ""disturbance_score"", ""graph_temporal""]",184,typed,11,test,False,0.9927314460596788,0.9416958993588967,0.9665404432304924,0.7876915850522532,0.9429047085155928,0.766546220751307,0.8892125814335341,7.1509094444444425,57,0.0044148400588645,18,2.517162346949344,137,129,0.9416058394160584,0.0344521963824289,0.0001000000000002,0.133433333333333,7915,0.5225521162349969,0.6727732154137713,0.933291219204043,0.0122857264975226,0.0196803449125419,2212,0.8720614828209765,0.8752260397830018,0.8792947558770343,0.0003070896936806,0.0151330599280178,False,True,causal_v2_no_backward_fill
plus_graph_temporal,"[""voltage_magnitude"", ""voltage_angle"", ""frequency"", ""missingness"", ""disturbance_score"", ""graph_temporal""]",184,typed,29,validation,False,0.9849642901891994,0.9508890770533446,0.9676267848350566,0.7596431043113516,0.9238502958165908,0.7357008084512265,0.8434785089601169,7.1509094444444425,120,0.0092944001239253,26,3.635901167815719,137,129,0.9416058394160584,0.0266956072351421,0.0001000000000002,0.133433333333333,7915,0.5564118761844599,0.6937460518003791,0.9320277953253316,0.0116506366118741,0.0192284730777811,2212,0.8363471971066908,0.8435804701627486,0.8471971066907775,0.0007867016714384,0.0194818722747172,False,True,causal_v2_no_backward_fill
plus_graph_temporal,"[""voltage_magnitude"", ""voltage_angle"", ""frequency"", ""missingness"", ""disturbance_score"", ""graph_temporal""]",184,typed,29,test,False,0.9846849108712026,0.948832708358534,0.9664264153268034,0.7839799086766589,0.9410158944533188,0.7644343781094505,0.8887034370889603,7.1509094444444425,122,0.0094493067926574,22,3.076531757382531,137,129,0.9416058394160584,0.0290173126614987,0.0001000000000002,0.133433333333333,7915,0.5542640555906506,0.6874289324068225,0.932533164876816,0.0113397438203251,0.0188822144473724,2212,0.8756781193490054,0.8811030741410488,0.8842676311030742,0.0004712703285999,0.0146674317866675,False,True,causal_v2_no_backward_fill
plus_graph_temporal,"[""voltage_magnitude"", ""voltage_angle"", ""frequency"", ""missingness"", ""disturbance_score"", ""graph_temporal""]",184,typed,47,validation,False,0.9863082527320688,0.9498004112737388,0.9677101306384028,0.7687026381648883,0.926261366609557,0.7462855645249411,0.8488715353723509,7.1509094444444425,109,0.0084424134458988,22,3.076531757382531,137,129,0.9416058394160584,0.0266956072351421,0.0001000000000002,0.133433333333333,7915,0.5647504737839545,0.6860391661402401,0.9378395451674036,0.0109346057190947,0.0179090318879381,2212,0.8453887884267631,0.8517179023508138,0.8539783001808319,0.0005220394618326,0.0184261891563709,False,True,causal_v2_no_backward_fill
plus_graph_temporal,"[""voltage_magnitude"", ""voltage_angle"", ""frequency"", ""missingness"", ""disturbance_score"", ""graph_temporal""]",184,typed,47,test,False,0.985556392866114,0.9491955969517358,0.9670343212767268,0.7843960415822986,0.9396453939084616,0.7641087909428604,0.8841784019990805,7.1509094444444425,115,0.0089071334520951,33,4.614797636073797,137,129,0.9416058394160584,0.0253989664082688,0.0001000000000002,0.133433333333333,7915,0.5675300063171194,0.6826279216677196,0.932533164876816,0.0114297700137473,0.0189661668584462,2212,0.8634719710669078,0.8670886075949367,0.8693490054249547,0.000275596286206,0.016327296690479,False,True,causal_v2_no_backward_fill
all_frozen_derived,"[""voltage_magnitude"", ""voltage_angle"", ""frequency"", ""missingness"", ""disturbance_score"", ""multiscale"", ""adaptive_residual"", ""graph_temporal""]",448,typed,11,validation,False,0.9922344689378756,0.958267811781783,0.9749553873607778,0.7851898445153793,0.9362195810823658,0.7627564799670028,0.8646654846492297,7.1509094444444425,62,0.0048021067306947,12,1.6781082312995623,137,129,0.9416058394160584,0.0145532299741603,0.0001000000000002,0.0667666666666666,7915,0.6045483259633607,0.7132027795325332,0.9637397346809856,0.0117852435665016,0.0158228144776229,2212,0.7802893309222423,0.8173598553345389,0.8191681735985533,0.0002910772974131,0.0225051642105781,True,True,causal_v2_no_backward_fill
all_frozen_derived,"[""voltage_magnitude"", ""voltage_angle"", ""frequency"", ""missingness"", ""disturbance_score"", ""multiscale"", ""adaptive_residual"", ""graph_temporal""]",448,typed,11,test,False,0.992730007520682,0.9580258860529818,0.9750692520775625,0.8191744515459223,0.9572838512358104,0.8007630051259069,0.9182650198797768,7.1509094444444425,58,0.0044922933932305,10,1.3984235260829687,137,129,0.9416058394160584,0.0145540051679587,0.0001000000000002,0.0667666666666666,7915,0.6035375868603916,0.7171193935565382,0.9657612128869236,0.0121720199088997,0.015971257005926,2212,0.8729656419529838,0.8770343580470162,0.879746835443038,0.0002832070789088,0.0150565212948444,True,True,causal_v2_no_backward_fill
all_frozen_derived,"[""voltage_magnitude"", ""voltage_angle"", ""frequency"", ""missingness"", ""disturbance_score"", ""multiscale"", ""adaptive_residual"", ""graph_temporal""]",448,typed,29,validation,False,0.99534122387308,0.9562114430869724,0.9753840459004256,0.785048308876574,0.9384703540283944,0.7617553203933123,0.8684278948699587,7.1509094444444425,37,0.0028657733715436,13,1.8179505839078596,137,129,0.9416058394160584,0.0181739018087856,0.0001000000000002,0.1000999999999998,7915,0.6,0.7265950726468731,0.9637397346809856,0.0121329846906214,0.0161579464163198,2212,0.7920433996383364,0.8169077757685352,0.8187160940325497,0.0003494697027035,0.0226085062298415,True,True,causal_v2_no_backward_fill
all_frozen_derived,"[""voltage_magnitude"", ""voltage_angle"", ""frequency"", ""missingness"", ""disturbance_score"", ""multiscale"", ""adaptive_residual"", ""graph_temporal""]",448,typed,29,test,False,0.9950844466851524,0.955001814442966,0.9746311956052096,0.8114570738465051,0.9545805820999426,0.791716245786678,0.910528818773354,7.1509094444444425,39,0.0030206800402757,12,1.6781082312995623,137,129,0.9416058394160584,0.0181739018087856,0.0001000000000002,0.1000999999999998,7915,0.5742261528742894,0.7106759317751106,0.962476310802274,0.0131103971765855,0.0172389253487822,2212,0.8639240506329114,0.8666365280289331,0.8688969258589512,0.0002898693286513,0.0163952407091141,True,True,causal_v2_no_backward_fill
all_frozen_derived,"[""voltage_magnitude"", ""voltage_angle"", ""frequency"", ""missingness"", ""disturbance_score"", ""multiscale"", ""adaptive_residual"", ""graph_temporal""]",448,typed,47,validation,False,0.9978538063375836,0.9560904802225716,0.976525821596244,0.7866066231798126,0.9394403358607284,0.7631743254989297,0.8685600614046176,7.1509094444444425,17,0.0013167066842227,13,1.8179505839078596,137,129,0.9416058394160584,0.0176571059431525,0.0001000000000002,0.1000999999999998,7915,0.5838281743524952,0.7219204042956412,0.9639924194567278,0.0124459383270174,0.016431582835679,2212,0.7943037974683544,0.8227848101265823,0.8268535262206148,0.0005077230366167,0.0217401998101697,True,True,causal_v2_no_backward_fill
all_frozen_derived,"[""voltage_magnitude"", ""voltage_angle"", ""frequency"", ""missingness"", ""disturbance_score"", ""multiscale"", ""adaptive_residual"", ""graph_temporal""]",448,typed,47,test,False,0.9988614800759014,0.9551227773073666,0.9765025970813752,0.8134219864002804,0.9578641003628277,0.7933345490540002,0.915259722127808,7.1509094444444425,9,0.0006970800092944,9,1.258581173474672,137,129,0.9416058394160584,0.0184315245478037,0.0001000000000002,0.1000999999999998,7915,0.5914087176247631,0.7241945672773216,0.9650031585596968,0.0120457345758657,0.0159335072111562,2212,0.8589511754068716,0.8711573236889693,0.8788426763110307,0.0011364537369652,0.0159174684218599,True,True,causal_v2_no_backward_fill
all_frozen_derived_minus_multiscale,"[""voltage_magnitude"", ""voltage_angle"", ""frequency"", ""missingness"", ""disturbance_score"", ""adaptive_residual"", ""graph_temporal""]",232,typed,11,validation,False,0.991219267436026,0.9558485544937704,0.9732126362460742,0.7887235112361615,0.9380166526916888,0.766866770075627,0.871405240684895,7.1509094444444425,70,0.0054217334056231,16,2.2374776417327498,137,129,0.9416058394160584,0.0140379844961241,0.0001000000000002,0.0667666666666666,7915,0.5964624131396083,0.7200252684775742,0.9665192672141504,0.0111428732135888,0.0148924509456306,2212,0.8381555153707052,0.840867992766727,0.8444846292947559,0.0003872743790856,0.0194764289995905,False,True,causal_v2_no_backward_fill
all_frozen_derived_minus_multiscale,"[""voltage_magnitude"", ""voltage_angle"", ""frequency"", ""missingness"", ""disturbance_score"", ""adaptive_residual"", ""graph_temporal""]",232,typed,11,test,False,0.990467828922614,0.9552437401717672,0.972536945812808,0.8188822998477069,0.9523494005173626,0.8011189079887903,0.9091365676079952,7.1509094444444425,76,0.0058864534118193,20,2.796847052165937,137,129,0.9416058394160584,0.0158467700258399,0.0001000000000002,0.0667666666666666,7915,0.5785217940619077,0.7032217308907138,0.9627289955780164,0.0123917216297727,0.0165192340249395,2212,0.8743218806509946,0.8860759493670886,0.8874321880650995,0.0007379517129102,0.0145159171411933,False,True,causal_v2_no_backward_fill
all_frozen_derived_minus_multiscale,"[""voltage_magnitude"", ""voltage_angle"", ""frequency"", ""missingness"", ""disturbance_score"", ""adaptive_residual"", ""graph_temporal""]",232,typed,29,validation,False,0.9933224140103314,0.9536712229345592,0.9730930634411256,0.7953561021124615,0.9410361431967098,0.7739967077330112,0.8781567100201758,7.1509094444444425,53,0.0041050267214003,18,2.517162346949344,137,129,0.9416058394160584,0.0148139534883722,0.0001000000000002,0.0667666666666666,7915,0.5795325331648769,0.7061276058117498,0.9656348704990524,0.0122032124537881,0.0160153969400512,2212,0.8444846292947559,0.8508137432188065,0.854882459312839,0.0002565109896539,0.0180883319150415,False,True,causal_v2_no_backward_fill
all_frozen_derived_minus_multiscale,"[""voltage_magnitude"", ""voltage_angle"", ""frequency"", ""missingness"", ""disturbance_score"", ""adaptive_residual"", ""graph_temporal""]",232,typed,29,test,False,0.9928175403225806,0.953066408612556,0.9725359501326916,0.8122349881755991,0.9514428803109618,0.7929548163459751,0.9055955921534,7.1509094444444425,57,0.0044148400588645,9,1.258581173474672,137,129,0.9416058394160584,0.0153299741602068,0.0001000000000002,0.0667666666666666,7915,0.5650031585596967,0.698547062539482,0.9627289955780164,0.0118196908078017,0.0159685233662637,2212,0.8761301989150091,0.8833634719710669,0.8847197106690777,0.0004648048493658,0.0146062578940546,False,True,causal_v2_no_backward_fill
all_frozen_derived_minus_multiscale,"[""voltage_magnitude"", ""voltage_angle"", ""frequency"", ""missingness"", ""disturbance_score"", ""adaptive_residual"", ""graph_temporal""]",232,typed,47,validation,False,0.9922178988326849,0.9562114430869724,0.9738819760995442,0.7962244521011528,0.9415994613696548,0.7750961275818596,0.8794481652298932,7.1509094444444425,62,0.0048021067306947,15,2.097635289124453,137,129,0.9416058394160584,0.0145555555555556,0.0001000000000002,0.0667666666666666,7915,0.5824384080859129,0.6999368288060644,0.9650031585596968,0.0118750739322263,0.0157688191510023,2212,0.8657323688969258,0.8698010849909584,0.8725135623869801,0.0003473079530851,0.0160010705808902,False,True,causal_v2_no_backward_fill
all_frozen_derived_minus_multiscale,"[""voltage_magnitude"", ""voltage_angle"", ""frequency"", ""missingness"", ""disturbance_score"", ""adaptive_residual"", ""graph_temporal""]",232,typed,47,test,False,0.9934517063342148,0.9542760372565622,0.9734698914116484,0.8168511279234622,0.953214907580024,0.7979774690458323,0.9089452800882428,7.1509094444444425,52,0.0040275733870343,11,1.5382658786912655,137,129,0.9416058394160584,0.0161067183462533,0.0001000000000002,0.0667666666666666,7915,0.5742261528742894,0.7049905243209097,0.9619709412507896,0.0114942544098302,0.0157398460432772,2212,0.8901446654611211,0.8969258589511754,0.8991862567811935,0.0004422276974211,0.0128113431138967,False,True,causal_v2_no_backward_fill
all_frozen_derived_minus_adaptive_residual,"[""voltage_magnitude"", ""voltage_angle"", ""frequency"", ""missingness"", ""disturbance_score"", ""multiscale"", ""graph_temporal""]",400,typed,11,validation,False,0.992183560262229,0.9519777428329504,0.9716649175875054,0.7751743737124249,0.9323338779747408,0.7521840461616454,0.8577614389256966,7.1509094444444425,62,0.0048021067306947,17,2.377319994341047,137,129,0.9416058394160584,0.0272162790697675,0.0001000000000002,0.133433333333333,7915,0.5689197725837019,0.6986734049273531,0.9495893872394188,0.0126949473784931,0.0182622969917515,2212,0.7626582278481012,0.7997287522603979,0.8015370705244123,0.0003846698005512,0.0247460555454,False,True,causal_v2_no_backward_fill
all_frozen_derived_minus_adaptive_residual,"[""voltage_magnitude"", ""voltage_angle"", ""frequency"", ""missingness"", ""disturbance_score"", ""multiscale"", ""graph_temporal""]",400,typed,11,test,False,0.9911883182275932,0.9524615942905528,0.9714391462587132,0.7910115863693965,0.948882770523791,0.7700323399436386,0.9008895558797976,7.1509094444444425,70,0.0054217334056231,16,2.2374776417327498,137,129,0.9416058394160584,0.0274754521963825,0.0001000000000002,0.133433333333333,7915,0.5815540113708149,0.7154769425142136,0.9495893872394188,0.0122570774535354,0.0178465003580204,2212,0.8526220614828209,0.8594032549728752,0.8616636528028933,0.0003840028724071,0.0173649243763725,False,True,causal_v2_no_backward_fill
all_frozen_derived_minus_adaptive_residual,"[""voltage_magnitude"", ""voltage_angle"", ""frequency"", ""missingness"", ""disturbance_score"", ""multiscale"", ""graph_temporal""]",400,typed,29,validation,False,0.9950501332656428,0.9483488569009314,0.9711383624427102,0.7754042809765644,0.9334309588285682,0.7518732515953788,0.8595681430367867,7.1509094444444425,39,0.0030206800402757,21,2.9366894047742345,137,129,0.9416058394160584,0.0334178294573644,0.0001000000000002,0.1667666666666662,7915,0.5792798483891346,0.7095388502842703,0.9480732785849652,0.0118408549433479,0.0176199938626618,2212,0.7825497287522604,0.8087703435804702,0.8110307414104883,0.0004405646843198,0.023626036987905,False,True,causal_v2_no_backward_fill
all_frozen_derived_minus_adaptive_residual,"[""voltage_magnitude"", ""voltage_angle"", ""frequency"", ""missingness"", ""disturbance_score"", ""multiscale"", ""graph_temporal""]",400,typed,29,test,False,0.9934143870314084,0.948832708358534,0.9706118913568026,0.7968875026089803,0.950562343274152,0.7761898117866526,0.9047885616884144,7.1509094444444425,52,0.0040275733870343,16,2.2374776417327498,137,129,0.9416058394160584,0.0347113695090439,0.0001000000000002,0.1534333333333328,7915,0.5781427668982944,0.7137081490840177,0.9480732785849652,0.0112584737840857,0.0170678538476139,2212,0.870253164556962,0.8729656419529838,0.8747739602169982,0.0002414336818135,0.0156309055425623,False,True,causal_v2_no_backward_fill
all_frozen_derived_minus_adaptive_residual,"[""voltage_magnitude"", ""voltage_angle"", ""frequency"", ""missingness"", ""disturbance_score"", ""multiscale"", ""graph_temporal""]",400,typed,47,validation,False,0.9827714427367378,0.9591145518325874,0.9707988980716252,0.7861226054235367,0.9308543556483956,0.7670057848835913,0.8597124133271662,7.1509094444444425,139,0.0107660134768801,33,4.614797636073797,137,133,0.9708029197080292,0.033912030075188,0.0001000000000002,0.133433333333333,7915,0.572962728995578,0.7094125078963992,0.9513581806696146,0.0122034900777188,0.0175993994677448,2212,0.7716998191681737,0.8019891500904159,0.8033453887884268,0.0005324825989492,0.0246428286512981,False,True,causal_v2_no_backward_fill
all_frozen_derived_minus_adaptive_residual,"[""voltage_magnitude"", ""voltage_angle"", ""frequency"", ""missingness"", ""disturbance_score"", ""multiscale"", ""graph_temporal""]",400,typed,47,test,False,0.9841250155029144,0.9598403290189912,0.971830985915493,0.8042060123466047,0.9468701918100306,0.7874957197680326,0.8990703433974555,7.1509094444444425,128,0.0099140267988536,26,3.635901167815719,137,133,0.9708029197080292,0.0306546365914787,0.0001000000000002,0.146766666666666,7915,0.575868603916614,0.697536323436513,0.9516108654453568,0.0123252514345547,0.0176872381997712,2212,0.846745027124774,0.8517179023508138,0.8553345388788427,0.0004370745622461,0.0181872233311386,False,True,causal_v2_no_backward_fill
all_frozen_derived_minus_graph_temporal,"[""voltage_magnitude"", ""voltage_angle"", ""frequency"", ""missingness"", ""disturbance_score"", ""multiscale"", ""adaptive_residual""]",400,typed,11,validation,False,0.9974817426340972,0.958267811781783,0.9774816459991362,0.7883269407338864,0.9409835460257931,0.7649456210661405,0.8718173605742354,7.1509094444444425,20,0.0015490666873208,15,2.097635289124453,137,129,0.9416058394160584,0.0145547803617572,0.0001000000000002,0.0867666666666663,7915,0.5454200884396715,0.6854074542008844,0.963234365129501,0.0148164159214955,0.0187988166218953,2212,0.7920433996383364,0.8227848101265823,0.8268535262206148,0.0004859922259249,0.0217222316127216,False,True,causal_v2_no_backward_fill
all_frozen_derived_minus_graph_temporal,"[""voltage_magnitude"", ""voltage_angle"", ""frequency"", ""missingness"", ""disturbance_score"", ""multiscale"", ""adaptive_residual""]",400,typed,11,test,False,0.9981072555205048,0.9568162574089756,0.9770256916996048,0.8043604166633551,0.9546922071290856,0.7829163688091487,0.9070388730303084,7.1509094444444425,15,0.0011618000154906,12,1.6781082312995623,137,129,0.9416058394160584,0.0153299741602068,0.0001000000000002,0.0667666666666666,7915,0.5489576753000631,0.6913455464308276,0.9620972836386608,0.0153289604171663,0.0194151013208952,2212,0.8539783001808319,0.8621157323688969,0.8657323688969258,0.000499049618545,0.0169650852006767,False,True,causal_v2_no_backward_fill
all_frozen_derived_minus_graph_temporal,"[""voltage_magnitude"", ""voltage_angle"", ""frequency"", ""missingness"", ""disturbance_score"", ""multiscale"", ""adaptive_residual""]",400,typed,29,validation,False,0.9957195014478156,0.9566952945445748,0.975817396668723,0.7835952336789502,0.9366342638110168,0.7603360877257141,0.8631262626796109,7.1509094444444425,34,0.0026334133684455,16,2.2374776417327498,137,129,0.9416058394160584,0.0155891472868218,0.0001000000000002,0.0867666666666663,7915,0.5647504737839545,0.6895767530006317,0.962476310802274,0.0142070959427807,0.0182944719313312,2212,0.7739602169981917,0.8065099457504521,0.8092224231464737,0.0006881834529572,0.024048286196238,False,True,causal_v2_no_backward_fill
all_frozen_derived_minus_graph_temporal,"[""voltage_magnitude"", ""voltage_angle"", ""frequency"", ""missingness"", ""disturbance_score"", ""multiscale"", ""adaptive_residual""]",400,typed,29,test,False,0.9953324082250536,0.9543970001209628,0.9744349759170065,0.8071590207010725,0.9533909625527625,0.786854913360154,0.90753326198543,7.1509094444444425,37,0.0028657733715436,15,2.097635289124453,137,129,0.9416058394160584,0.0189490956072352,0.0001000000000002,0.1000999999999998,7915,0.548831332912192,0.6874289324068225,0.9618445988629184,0.0148704618704965,0.0190013379095527,2212,0.8571428571428571,0.8607594936708861,0.8630198915009042,0.0002876935131377,0.0171153278609974,False,True,causal_v2_no_backward_fill
all_frozen_derived_minus_graph_temporal,"[""voltage_magnitude"", ""voltage_angle"", ""frequency"", ""missingness"", ""disturbance_score"", ""multiscale"", ""adaptive_residual""]",400,typed,47,validation,False,0.9924971864449168,0.9600822547477924,0.9760206591244466,0.7817865370518348,0.9354087466015396,0.7589716779446152,0.8614508201119354,7.1509094444444425,60,0.0046472000619626,18,2.517162346949344,137,129,0.9416058394160584,0.0129997416020673,0.0001000000000002,0.0667666666666666,7915,0.5506001263423879,0.6881869867340493,0.965129500947568,0.0148953278048142,0.018669698421843,2212,0.765370705244123,0.794755877034358,0.7965641952983725,0.0005341349572791,0.0254755361039661,False,True,causal_v2_no_backward_fill
all_frozen_derived_minus_graph_temporal,"[""voltage_magnitude"", ""voltage_angle"", ""frequency"", ""missingness"", ""disturbance_score"", ""multiscale"", ""adaptive_residual""]",400,typed,47,test,False,0.994108060674439,0.959235514696988,0.9763605023393253,0.8088441358344567,0.9539175596352696,0.7890048225859098,0.9077139219707218,7.1509094444444425,47,0.003640306715204,15,2.097635289124453,137,129,0.9416058394160584,0.0137764857881138,0.0001000000000002,0.0667666666666666,7915,0.5580543272267846,0.691724573594441,0.9629816803537586,0.0149676530629004,0.0189718256700065,2212,0.8485533453887885,0.8571428571428571,0.8589511754068716,0.0005807523358524,0.0178668818044352,False,True,causal_v2_no_backward_fill
