case_id,T,model,nearest_margin,whitened_error,eta_model
PAIR_3_28_AI0p0001_AJ0p0002_R1,30,D,0.5095517536416037,0.00019004714022442858,0.00037296925948389413
PAIR_3_28_AI0p0001_AJ0p0002_R1,30,D_Q,0.5095517536416037,7.761950551799433e-05,0.00015232899300860514
PAIR_3_28_AI0p0001_AJ0p0002_R1,30,D_Q_Qij,0.5095517536416037,5.789978606733658e-06,1.1362886233546504e-05
PAIR_3_28_AI0p0001_AJ0p0002_R1,45,D,0.6119681336214291,0.0005526758024578625,0.0009031120610599546
PAIR_3_28_AI0p0001_AJ0p0002_R1,45,D_Q,0.6119681336214291,0.00025934386756559373,0.0004237865557326993
PAIR_3_28_AI0p0001_AJ0p0002_R1,45,D_Q_Qij,0.6119681336214291,1.5506233645448963e-05,2.5338302427102042e-05
PAIR_3_28_AI0p0001_AJ0p0002_R1,60,D,0.6936113577110248,0.0016395264136852214,0.002363753700769542
PAIR_3_28_AI0p0001_AJ0p0002_R1,60,D_Q,0.6936113577110248,0.0008023944409479867,0.0011568357871127647
PAIR_3_28_AI0p0001_AJ0p0002_R1,60,D_Q_Qij,0.6936113577110248,4.665341772923584e-05,6.726161157913562e-05
PAIR_3_28_AI0p0001_AJ0p0002_R1,90,D,0.8452584448833902,0.00838232210876396,0.009916874725718198
PAIR_3_28_AI0p0001_AJ0p0002_R1,90,D_Q,0.8452584448833902,0.0041680689075421756,0.00493111773419453
PAIR_3_28_AI0p0001_AJ0p0002_R1,90,D_Q_Qij,0.8452584448833902,0.00039347934858390823,0.00046551365557571174
PAIR_3_28_AI0p0001_AJ0p0002_R1,120,D,0.9731862678374431,0.025334562971273816,0.026032593973577926
PAIR_3_28_AI0p0001_AJ0p0002_R1,120,D_Q,0.9731862678374431,0.012665252437764854,0.013014212033538891
PAIR_3_28_AI0p0001_AJ0p0002_R1,120,D_Q_Qij,0.9731862678374431,0.00188143053395578,0.0019332686826095313
PAIR_3_28_AI0p0001_AJm0p0002_R1,30,D,0.5095517536416037,7.373635469746533e-05,0.00014470827383184369
PAIR_3_28_AI0p0001_AJm0p0002_R1,30,D_Q,0.5095517536416037,7.605782886529265e-05,0.00014926418822373122
PAIR_3_28_AI0p0001_AJm0p0002_R1,30,D_Q_Qij,0.5095517536416037,5.73479950484319e-06,1.1254596738914958e-05
PAIR_3_28_AI0p0001_AJm0p0002_R1,45,D,0.6119681336214291,0.00012930565464415062,0.00021129475137694124
PAIR_3_28_AI0p0001_AJm0p0002_R1,45,D_Q,0.6119681336214291,0.00025579352933769866,0.00041798504739780395
PAIR_3_28_AI0p0001_AJm0p0002_R1,45,D_Q_Qij,0.6119681336214291,1.3540250760625413e-05,2.2125744816970448e-05
PAIR_3_28_AI0p0001_AJm0p0002_R1,60,D,0.6936113577110248,0.00020535471334783508,0.0002960659612402005
PAIR_3_28_AI0p0001_AJm0p0002_R1,60,D_Q,0.6936113577110248,0.0007886820286474649,0.0011370661969120305
PAIR_3_28_AI0p0001_AJm0p0002_R1,60,D_Q_Qij,0.6936113577110248,2.9085866797365394e-05,4.193395404214714e-05
PAIR_3_28_AI0p0001_AJm0p0002_R1,90,D,0.8452584448833902,0.00037789961596832106,0.0004470817396216079
PAIR_3_28_AI0p0001_AJm0p0002_R1,90,D_Q,0.8452584448833902,0.004097815812689781,0.004848003397653254
PAIR_3_28_AI0p0001_AJm0p0002_R1,90,D_Q_Qij,0.8452584448833902,0.00013404118021212926,0.0001585801136013746
PAIR_3_28_AI0p0001_AJm0p0002_R1,120,D,0.9731862678374429,0.000579631881331932,0.0005956021991760691
PAIR_3_28_AI0p0001_AJm0p0002_R1,120,D_Q,0.9731862678374429,0.01239954367136728,0.012741182321572226
PAIR_3_28_AI0p0001_AJm0p0002_R1,120,D_Q_Qij,0.9731862678374429,0.0005689594294282442,0.0005846356943491942
PAIR_3_28_AI0p0005_AJ0p001_R1,30,D,2.5477587682080176,0.00471251996442429,0.0018496727489388136
PAIR_3_28_AI0p0005_AJ0p001_R1,30,D_Q,2.5477587682080176,0.001887158945418125,0.0007407133551915789
PAIR_3_28_AI0p0005_AJ0p001_R1,30,D_Q_Qij,2.5477587682080176,1.502890678530323e-05,5.898873540478052e-06
PAIR_3_28_AI0p0005_AJ0p001_R1,45,D,3.059840668107146,0.013708261979585003,0.004480057449548541
PAIR_3_28_AI0p0005_AJ0p001_R1,45,D_Q,3.059840668107146,0.006342917550092312,0.0020729568098773314
PAIR_3_28_AI0p0005_AJ0p001_R1,45,D_Q_Qij,3.059840668107146,4.91410064603983e-05,1.6059988669539944e-05
PAIR_3_28_AI0p0005_AJ0p001_R1,60,D,3.468056788555124,0.04067991492817125,0.011729887198623263
PAIR_3_28_AI0p0005_AJ0p001_R1,60,D_Q,3.468056788555124,0.01966008743648233,0.00566890585568329
PAIR_3_28_AI0p0005_AJ0p001_R1,60,D_Q_Qij,3.468056788555124,0.0001968849849971887,5.677098069643079e-05
PAIR_3_28_AI0p0005_AJ0p001_R1,90,D,4.226292224416952,0.20808914692588654,0.04923680992139486
PAIR_3_28_AI0p0005_AJ0p001_R1,90,D_Q,4.226292224416952,0.10219307933654492,0.024180315489339646
PAIR_3_28_AI0p0005_AJ0p001_R1,90,D_Q_Qij,4.226292224416952,0.0018171323091652869,0.0004299589835901548
PAIR_3_28_AI0p0005_AJ0p001_R1,120,D,4.865931339187216,0.6286612919531075,0.12919649870318892
PAIR_3_28_AI0p0005_AJ0p001_R1,120,D_Q,4.865931339187216,0.30945322002606934,0.06359588708823809
PAIR_3_28_AI0p0005_AJ0p001_R1,120,D_Q_Qij,4.865931339187216,0.008701677059438768,0.0017882860346509243
PAIR_3_28_AI0p0005_AJm0p001_R1,30,D,2.547758768208018,0.001860646754629256,0.0007303072715702804
PAIR_3_28_AI0p0005_AJm0p001_R1,30,D_Q,2.547758768208018,0.0018807802747250189,0.0007382097152187911
PAIR_3_28_AI0p0005_AJm0p001_R1,30,D_Q_Qij,2.547758768208018,1.1161482645626396e-05,4.38090245627018e-06
PAIR_3_28_AI0p0005_AJm0p001_R1,45,D,3.0598406681071455,0.0032593250317140107,0.0010651943631203088
PAIR_3_28_AI0p0005_AJm0p001_R1,45,D_Q,3.0598406681071455,0.006323247476182925,0.002066528346423529
PAIR_3_28_AI0p0005_AJm0p001_R1,45,D_Q_Qij,3.0598406681071455,2.790654072730961e-05,9.120259436440832e-06
PAIR_3_28_AI0p0005_AJm0p001_R1,60,D,3.468056788555124,0.005278320514250183,0.001521982146217755
PAIR_3_28_AI0p0005_AJm0p001_R1,60,D_Q,3.468056788555124,0.01959877629310445,0.005651227038087162
PAIR_3_28_AI0p0005_AJm0p001_R1,60,D_Q_Qij,3.468056788555124,7.421794755150483e-05,2.140044182564433e-05
PAIR_3_28_AI0p0005_AJm0p001_R1,90,D,4.226292224416952,0.010932687367152133,0.002586827125675243
PAIR_3_28_AI0p0005_AJm0p001_R1,90,D_Q,4.226292224416952,0.10191751861368391,0.02411511395848738
PAIR_3_28_AI0p0005_AJm0p001_R1,90,D_Q_Qij,4.226292224416952,0.0005876359356298746,0.0001390429020110987
PAIR_3_28_AI0p0005_AJm0p001_R1,120,D,4.865931339187215,0.017975400827897964,0.0036941336765554324
PAIR_3_28_AI0p0005_AJm0p001_R1,120,D_Q,4.865931339187215,0.3086820695603897,0.0634374075676848
PAIR_3_28_AI0p0005_AJm0p001_R1,120,D_Q_Qij,4.865931339187215,0.0027965169776007297,0.0005747136123930282
PAIR_3_28_AI0p002_AJ0p004_R1,30,D,10.19103507283207,0.07526075601223756,0.007384996271170984
PAIR_3_28_AI0p002_AJ0p004_R1,30,D_Q,10.19103507283207,0.0300107178516287,0.0029448154811706263
PAIR_3_28_AI0p002_AJ0p004_R1,30,D_Q_Qij,10.19103507283207,1.8056730480719666e-05,1.7718249767245413e-06
PAIR_3_28_AI0p002_AJ0p004_R1,45,D,12.239362672428584,0.21894478842593834,0.01788857755797626
PAIR_3_28_AI0p002_AJ0p004_R1,45,D_Q,12.239362672428584,0.10098812623415505,0.008251093536238565
PAIR_3_28_AI0p002_AJ0p004_R1,45,D_Q_Qij,12.239362672428584,5.261229985637418e-05,4.298614336749173e-06
PAIR_3_28_AI0p002_AJ0p004_R1,60,D,13.872227154220496,0.6497644072132754,0.04683922775987637
PAIR_3_28_AI0p002_AJ0p004_R1,60,D_Q,13.872227154220496,0.31313582815289576,0.02257285904214934
PAIR_3_28_AI0p002_AJ0p004_R1,60,D_Q_Qij,13.872227154220496,0.00021763308273508596,1.568840246887632e-05
PAIR_3_28_AI0p002_AJ0p004_R1,90,D,16.905168897667807,3.3246462054559407,0.19666447733122622
PAIR_3_28_AI0p002_AJ0p004_R1,90,D_Q,16.905168897667807,1.6289166550462133,0.09635613018163541
PAIR_3_28_AI0p002_AJ0p004_R1,90,D_Q_Qij,16.905168897667807,0.00205246600870417,0.00012141055916852288
PAIR_3_28_AI0p002_AJ0p004_R1,120,D,19.463725356748864,10.046425358028184,0.5161614836773619
PAIR_3_28_AI0p002_AJ0p004_R1,120,D_Q,19.463725356748864,4.935026078797254,0.2535499236833446
PAIR_3_28_AI0p002_AJ0p004_R1,120,D_Q_Qij,19.463725356748864,0.009711484341113059,0.0004989530094117205
PAIR_3_28_AI0p002_AJm0p004_R1,30,D,10.191035072832072,0.029820709939882648,0.0029261708675089
PAIR_3_28_AI0p002_AJm0p004_R1,30,D_Q,10.191035072832072,0.030022076057658196,0.0029459300103571433
PAIR_3_28_AI0p002_AJm0p004_R1,30,D_Q_Qij,10.191035072832072,2.1687713075467893e-05,2.128116812519311e-06
PAIR_3_28_AI0p002_AJm0p004_R1,45,D,12.239362672428582,0.05229879777631838,0.004273000087997314
PAIR_3_28_AI0p002_AJm0p004_R1,45,D_Q,12.239362672428582,0.10101343767363578,0.00825316157198178
PAIR_3_28_AI0p002_AJm0p004_R1,45,D_Q_Qij,12.239362672428582,7.464216153669767e-05,6.098533357855543e-06
PAIR_3_28_AI0p002_AJm0p004_R1,60,D,13.872227154220496,0.08503109088880094,0.006129591877604961
PAIR_3_28_AI0p002_AJm0p004_R1,60,D_Q,13.872227154220496,0.3131980232775732,0.02257734246964703
PAIR_3_28_AI0p002_AJm0p004_R1,60,D_Q_Qij,13.872227154220496,0.00026466259686986444,1.907859451316318e-05
PAIR_3_28_AI0p002_AJm0p004_R1,90,D,16.905168897667807,0.18032626711672958,0.010666930819106276
PAIR_3_28_AI0p002_AJm0p004_R1,90,D_Q,16.905168897667807,1.62913839450026,0.09636924684763201
PAIR_3_28_AI0p002_AJm0p004_R1,90,D_Q_Qij,16.905168897667807,0.0023429530490554724,0.00013859388588413927
PAIR_3_28_AI0p002_AJm0p004_R1,120,D,19.46372535674886,0.3093291770605244,0.015892598738980225
PAIR_3_28_AI0p002_AJm0p004_R1,120,D_Q,19.46372535674886,4.935404962156064,0.2535693898108134
PAIR_3_28_AI0p002_AJm0p004_R1,120,D_Q_Qij,19.46372535674886,0.011281524153205177,0.0005796179275255452
PAIR_3_28_AI0p01_AJ0p025_R1,30,D,50.95517536416035,2.5704454687263514,0.05044522858289074
PAIR_3_28_AI0p01_AJ0p025_R1,30,D_Q,50.95517536416035,0.9280989572129432,0.018214027340306783
PAIR_3_28_AI0p01_AJ0p025_R1,30,D_Q_Qij,50.95517536416035,0.01203037895512607,0.00023609729275090896
PAIR_3_28_AI0p01_AJ0p025_R1,45,D,61.19681336214291,7.245942685157753,0.11840392149634675
PAIR_3_28_AI0p01_AJ0p025_R1,45,D_Q,61.19681336214291,3.129392043562122,0.05113651956096789
PAIR_3_28_AI0p01_AJ0p025_R1,45,D_Q_Qij,61.19681336214291,0.043891394586725085,0.0007172169950580602
PAIR_3_28_AI0p01_AJ0p025_R1,60,D,69.36113577110248,21.235773781216704,0.30616242864442883
PAIR_3_28_AI0p01_AJ0p025_R1,60,D_Q,69.36113577110248,9.711706154530676,0.14001653875132775
PAIR_3_28_AI0p01_AJ0p025_R1,60,D_Q_Qij,69.36113577110248,0.1878724826372813,0.002708613123886496
PAIR_3_28_AI0p01_AJ0p025_R1,90,D,84.525844488339,108.19568634394972,1.2800308236953037
PAIR_3_28_AI0p01_AJ0p025_R1,90,D_Q,84.525844488339,50.604439988545046,0.5986860030191868
PAIR_3_28_AI0p01_AJ0p025_R1,90,D_Q_Qij,84.525844488339,1.792517725568496,0.02120674139867112
PAIR_3_28_AI0p01_AJ0p025_R1,120,D,97.3186267837443,326.6578858086902,3.356581330874818
PAIR_3_28_AI0p01_AJ0p025_R1,120,D_Q,97.3186267837443,153.56314213192192,1.5779419336974498
PAIR_3_28_AI0p01_AJ0p025_R1,120,D_Q_Qij,97.3186267837443,8.581178131723318,0.08817611196664236
PAIR_3_28_AI0p01_AJm0p025_R1,30,D,50.95517536416036,1.1802250504460612,0.02316202509384709
PAIR_3_28_AI0p01_AJm0p025_R1,30,D_Q,50.95517536416036,0.9351845082768822,0.018353081931195746
PAIR_3_28_AI0p01_AJm0p025_R1,30,D_Q_Qij,50.95517536416036,0.0034063186296100076,6.68493161934217e-05
PAIR_3_28_AI0p01_AJm0p025_R1,45,D,61.19681336214291,2.085214842222092,0.03407391214772028
PAIR_3_28_AI0p01_AJm0p025_R1,45,D_Q,61.19681336214291,3.1503185159895515,0.05147847319021315
PAIR_3_28_AI0p01_AJm0p025_R1,45,D_Q_Qij,61.19681336214291,0.0067898750513590645,0.00011095144793208078
PAIR_3_28_AI0p01_AJm0p025_R1,60,D,69.36113577110248,3.527247434432355,0.050853369040446
PAIR_3_28_AI0p01_AJm0p025_R1,60,D_Q,69.36113577110248,9.770361552146966,0.1408621909593576
PAIR_3_28_AI0p01_AJm0p025_R1,60,D_Q_Qij,69.36113577110248,0.016501355302417288,0.0002379049177751808
PAIR_3_28_AI0p01_AJm0p025_R1,90,D,84.525844488339,9.239276605334346,0.1093071197485519
PAIR_3_28_AI0p01_AJm0p025_R1,90,D_Q,84.525844488339,50.8416111893158,0.6014919046011992
PAIR_3_28_AI0p01_AJm0p025_R1,90,D_Q_Qij,84.525844488339,0.0702301387686357,0.000830871778847764
PAIR_3_28_AI0p01_AJm0p025_R1,120,D,97.3186267837443,21.38755297460672,0.21976833912928997
PAIR_3_28_AI0p01_AJm0p025_R1,120,D_Q,97.3186267837443,154.06934934137837,1.5831434786245202
PAIR_3_28_AI0p01_AJm0p025_R1,120,D_Q_Qij,97.3186267837443,0.21542754986948223,0.0022136312131509272
PAIR_3_28_AIm0p0001_AJ0p0002_R1,30,D,0.5095517536416037,7.553053188844556e-05,0.00014822936306008757
PAIR_3_28_AIm0p0001_AJ0p0002_R1,30,D_Q,0.5095517536416037,7.411956351868222e-05,0.00014546032466569562
PAIR_3_28_AIm0p0001_AJ0p0002_R1,30,D_Q_Qij,0.5095517536416037,3.966892156885071e-06,7.785062319057798e-06
PAIR_3_28_AIm0p0001_AJ0p0002_R1,45,D,0.6119681336214291,0.0001335574581412134,0.00021824250447627665
PAIR_3_28_AIm0p0001_AJ0p0002_R1,45,D_Q,0.6119681336214291,0.0002498200959950872,0.0004082240271511081
PAIR_3_28_AIm0p0001_AJ0p0002_R1,45,D_Q_Qij,0.6119681336214291,1.1087409544463803e-05,1.8117625633302353e-05
PAIR_3_28_AIm0p0001_AJ0p0002_R1,60,D,0.6936113577110248,0.00022389299496154377,0.00032279314989940375
PAIR_3_28_AIm0p0001_AJ0p0002_R1,60,D_Q,0.6936113577110248,0.0007777270354019911,0.0011212720592819515
PAIR_3_28_AIm0p0001_AJ0p0002_R1,60,D_Q_Qij,0.6936113577110248,2.6463528604185618e-05,3.815325154351201e-05
PAIR_3_28_AIm0p0001_AJ0p0002_R1,90,D,0.8452584448833902,0.0005535918247574092,0.0006549379401157966
PAIR_3_28_AIm0p0001_AJ0p0002_R1,90,D_Q,0.8452584448833902,0.004050509771957581,0.00479203703491703
PAIR_3_28_AIm0p0001_AJ0p0002_R1,90,D_Q_Qij,0.8452584448833902,0.00012894915432357798,0.00015255588998151624
PAIR_3_28_AIm0p0001_AJ0p0002_R1,120,D,0.9731862678374429,0.001249573092236708,0.0012840019773536627
PAIR_3_28_AIm0p0001_AJ0p0002_R1,120,D_Q,0.9731862678374429,0.0122995885686638,0.012638473204102253
PAIR_3_28_AIm0p0001_AJ0p0002_R1,120,D_Q_Qij,0.9731862678374429,0.0005645404116650987,0.0005800949215195845
PAIR_3_28_AIm0p0001_AJm0p0002_R1,30,D,0.5095517536416037,0.0001863506815211699,0.0003657149253032319
PAIR_3_28_AIm0p0001_AJm0p0002_R1,30,D_Q,0.5095517536416037,7.270016247289552e-05,0.0001426747370671
PAIR_3_28_AIm0p0001_AJm0p0002_R1,30,D_Q_Qij,0.5095517536416037,5.041837900918347e-06,9.894653221946429e-06
PAIR_3_28_AIm0p0001_AJm0p0002_R1,45,D,0.6119681336214291,0.0005423216033632435,0.0008861925541023844
PAIR_3_28_AIm0p0001_AJm0p0002_R1,45,D_Q,0.6119681336214291,0.00024626877384189026,0.00040242091101141405
PAIR_3_28_AIm0p0001_AJm0p0002_R1,45,D_Q_Qij,0.6119681336214291,1.5151461945149677e-05,2.4758579920637755e-05
PAIR_3_28_AIm0p0001_AJm0p0002_R1,60,D,0.6936113577110248,0.001610644398166823,0.0023221136451428413
PAIR_3_28_AIm0p0001_AJm0p0002_R1,60,D_Q,0.6936113577110248,0.0007658919730477894,0.0011042090999998856
PAIR_3_28_AIm0p0001_AJm0p0002_R1,60,D_Q_Qij,0.6936113577110248,4.6643596211306935e-05,6.724745160637895e-05
PAIR_3_28_AIm0p0001_AJm0p0002_R1,90,D,0.8452584448833902,0.008258620743457618,0.009770527338058074
PAIR_3_28_AIm0p0001_AJm0p0002_R1,90,D_Q,0.8452584448833902,0.004012941829894412,0.004747591525628623
PAIR_3_28_AIm0p0001_AJm0p0002_R1,90,D_Q_Qij,0.8452584448833902,0.0003934065200799164,0.0004654274943496008
PAIR_3_28_AIm0p0001_AJm0p0002_R1,120,D,0.9731862678374431,0.025035917927956952,0.025725720507329276
PAIR_3_28_AIm0p0001_AJm0p0002_R1,120,D_Q,0.9731862678374431,0.01229183148523976,0.012630502393497537
PAIR_3_28_AIm0p0001_AJm0p0002_R1,120,D_Q_Qij,0.9731862678374431,0.0018815139507764966,0.0019333543977737022
PAIR_3_28_AIm0p0005_AJ0p001_R1,30,D,2.547758768208018,0.0018681860468275529,0.0007332664576173957
PAIR_3_28_AIm0p0005_AJ0p001_R1,30,D_Q,2.547758768208018,0.0018704310796102748,0.0007341476371115991
PAIR_3_28_AIm0p0005_AJ0p001_R1,30,D_Q_Qij,2.547758768208018,9.617910284044703e-06,3.775047466840638e-06
PAIR_3_28_AIm0p0005_AJ0p001_R1,45,D,3.0598406681071455,0.0032828542928619838,0.0010728840645460136
PAIR_3_28_AIm0p0005_AJ0p001_R1,45,D_Q,3.0598406681071455,0.006299821799024676,0.0020588724977375445
PAIR_3_28_AIm0p0005_AJ0p001_R1,45,D_Q_Qij,3.0598406681071455,2.8007989999739452e-05,9.15341451980424e-06
PAIR_3_28_AIm0p0005_AJ0p001_R1,60,D,3.468056788555124,0.005373025964517205,0.0015492900757129
PAIR_3_28_AIm0p0005_AJ0p001_R1,60,D_Q,3.468056788555124,0.01954201980907119,0.0056348615378968075
PAIR_3_28_AIm0p0005_AJ0p001_R1,60,D_Q_Qij,3.468056788555124,7.427054407607773e-05,2.141560781852728e-05
PAIR_3_28_AIm0p0005_AJ0p001_R1,90,D,4.226292224416952,0.011840783848024184,0.0028016954860847817
PAIR_3_28_AIm0p0005_AJ0p001_R1,90,D_Q,4.226292224416952,0.10169134498271146,0.02406159810606578
PAIR_3_28_AIm0p0005_AJ0p001_R1,90,D_Q_Qij,4.226292224416952,0.0005866354854380823,0.00013880618146773157
PAIR_3_28_AIm0p0005_AJ0p001_R1,120,D,4.865931339187215,0.02183473997615704,0.004487268408477836
PAIR_3_28_AIm0p0005_AJ0p001_R1,120,D_Q,4.865931339187215,0.3081898162340028,0.06333624433868021
PAIR_3_28_AIm0p0005_AJ0p001_R1,120,D_Q_Qij,4.865931339187215,0.0027919537619798254,0.0005737758236527402
PAIR_3_28_AIm0p0005_AJm0p001_R1,30,D,2.5477587682080176,0.004694621859441426,0.0018426477098314213
PAIR_3_28_AIm0p0005_AJm0p001_R1,30,D_Q,2.5477587682080176,0.0018640333968880682,0.0007316365348824402
PAIR_3_28_AIm0p0005_AJm0p001_R1,30,D_Q_Qij,2.5477587682080176,1.5455991364150656e-05,6.066505022774086e-06
PAIR_3_28_AIm0p0005_AJm0p001_R1,45,D,3.059840668107146,0.013658703858259786,0.004463861141733639
PAIR_3_28_AIm0p0005_AJm0p001_R1,45,D_Q,3.059840668107146,0.006280377910917735,0.002052517955061644
PAIR_3_28_AIm0p0005_AJm0p001_R1,45,D_Q_Qij,3.059840668107146,4.9699208268165815e-05,1.624241705987598e-05
PAIR_3_28_AIm0p0005_AJm0p001_R1,60,D,3.468056788555124,0.04053766740777417,0.011688870707524699
PAIR_3_28_AIm0p0005_AJm0p001_R1,60,D_Q,3.468056788555124,0.019482026536223433,0.005617562722881511
PAIR_3_28_AIm0p0005_AJm0p001_R1,60,D_Q_Qij,3.468056788555124,0.00019698575394797369,5.680003701151696e-05
PAIR_3_28_AIm0p0005_AJm0p001_R1,90,D,4.226292224416952,0.20748966732064955,0.04909496464108662
PAIR_3_28_AIm0p0005_AJm0p001_R1,90,D_Q,4.226292224416952,0.1014453890802129,0.02400340149082049
PAIR_3_28_AIm0p0005_AJm0p001_R1,90,D_Q_Qij,4.226292224416952,0.0018173960416894225,0.00043002138640333744
PAIR_3_28_AIm0p0005_AJm0p001_R1,120,D,4.865931339187216,0.6272205339862781,0.1289004078078599
PAIR_3_28_AIm0p0005_AJm0p001_R1,120,D_Q,4.865931339187216,0.30765118433726535,0.06322554982632658
PAIR_3_28_AIm0p0005_AJm0p001_R1,120,D_Q_Qij,4.865931339187216,0.008703015692085168,0.0017885611377202217
PAIR_3_28_AIm0p002_AJ0p004_R1,30,D,10.191035072832072,0.02983693654893131,0.0029277631109790375
PAIR_3_28_AIm0p002_AJ0p004_R1,30,D_Q,10.191035072832072,0.02999587946659031,0.00294335945781948
PAIR_3_28_AIm0p002_AJ0p004_R1,30,D_Q_Qij,10.191035072832072,2.344830442539514e-05,2.3008756478431876e-06
PAIR_3_28_AIm0p002_AJ0p004_R1,45,D,12.239362672428582,0.0523727072249494,0.004279038756072533
PAIR_3_28_AIm0p002_AJ0p004_R1,45,D_Q,12.239362672428582,0.10095467887133762,0.008248360766264132
PAIR_3_28_AIm0p002_AJ0p004_R1,45,D_Q_Qij,12.239362672428582,7.854823945113932e-05,6.417673987885308e-06
PAIR_3_28_AIm0p002_AJ0p004_R1,60,D,13.872227154220496,0.08537991219511773,0.0061547371770899586
PAIR_3_28_AIm0p002_AJ0p004_R1,60,D_Q,13.872227154220496,0.3130467205100466,0.022566435585997816
PAIR_3_28_AIm0p002_AJ0p004_R1,60,D_Q_Qij,13.872227154220496,0.00026574505503135,1.9156625109797134e-05
PAIR_3_28_AIm0p002_AJ0p004_R1,90,D,16.905168897667807,0.18386636509529503,0.010876340024065703
PAIR_3_28_AIm0p002_AJ0p004_R1,90,D_Q,16.905168897667807,1.6285522249211233,0.096334572862256
PAIR_3_28_AIm0p002_AJ0p004_R1,90,D_Q_Qij,16.905168897667807,0.002329171178793591,0.00013777863994691693
PAIR_3_28_AIm0p002_AJ0p004_R1,120,D,19.46372535674886,0.3245582961587884,0.016675034722797858
PAIR_3_28_AIm0p002_AJ0p004_R1,120,D_Q,19.46372535674886,4.934170689349195,0.25350597580428347
PAIR_3_28_AIm0p002_AJ0p004_R1,120,D_Q_Qij,19.46372535674886,0.011224769780558603,0.0005767020225995185
PAIR_3_28_AIm0p002_AJm0p004_R1,30,D,10.19103507283207,0.07525296298673248,0.0073842315769618696
PAIR_3_28_AIm0p002_AJm0p004_R1,30,D_Q,10.19103507283207,0.03000752740848363,0.002944502417470789
PAIR_3_28_AIm0p002_AJm0p004_R1,30,D_Q_Qij,10.19103507283207,1.9631988352510442e-05,1.9263978793328542e-06
PAIR_3_28_AIm0p002_AJm0p004_R1,45,D,12.239362672428584,0.2189245469414208,0.017886923755808675
PAIR_3_28_AIm0p002_AJm0p004_R1,45,D_Q,12.239362672428584,0.1009809089956115,0.008250503861862806
PAIR_3_28_AIm0p002_AJm0p004_R1,45,D_Q_Qij,12.239362672428584,5.49172383211759e-05,4.486936108600416e-06
PAIR_3_28_AIm0p002_AJm0p004_R1,60,D,13.872227154220496,0.6496993410239421,0.04683453736743902
PAIR_3_28_AIm0p002_AJm0p004_R1,60,D_Q,13.872227154220496,0.31310841766370723,0.02257088311651867
PAIR_3_28_AIm0p002_AJm0p004_R1,60,D_Q_Qij,13.872227154220496,0.00021164567796381494,1.525679154550347e-05
PAIR_3_28_AIm0p002_AJm0p004_R1,90,D,16.905168897667807,3.324325955738823,0.1966455334378492
PAIR_3_28_AIm0p002_AJm0p004_R1,90,D_Q,16.905168897667807,1.628762020851473,0.09634698302695886
PAIR_3_28_AIm0p002_AJm0p004_R1,90,D_Q_Qij,16.905168897667807,0.002040600931544834,0.00012070869826247936
PAIR_3_28_AIm0p002_AJm0p004_R1,120,D,19.463725356748864,10.04546354889859,0.5161120682077144
PAIR_3_28_AIm0p002_AJm0p004_R1,120,D_Q,19.463725356748864,4.934465518398034,0.25352112342085914
PAIR_3_28_AIm0p002_AJm0p004_R1,120,D_Q_Qij,19.463725356748864,0.009662150221955506,0.0004964183394935361
PAIR_3_28_AIm0p01_AJ0p025_R1,30,D,50.95517536416036,1.1766413115586147,0.023091693888786274
PAIR_3_28_AIm0p01_AJ0p025_R1,30,D_Q,50.95517536416036,0.940363404493052,0.01845471824544956
PAIR_3_28_AIm0p01_AJ0p025_R1,30,D_Q_Qij,50.95517536416036,0.0033892265109079544,6.651388179289415e-05
PAIR_3_28_AIm0p01_AJ0p025_R1,45,D,61.19681336214291,2.0788556770036553,0.03396999880862523
PAIR_3_28_AIm0p01_AJ0p025_R1,45,D_Q,61.19681336214291,3.1611578884918754,0.051655596342658684
PAIR_3_28_AIm0p01_AJ0p025_R1,45,D_Q_Qij,61.19681336214291,0.006754526819274197,0.00011037383236449089
PAIR_3_28_AIm0p01_AJ0p025_R1,60,D,69.36113577110248,3.5156101485799334,0.05068559084992119
PAIR_3_28_AIm0p01_AJ0p025_R1,60,D_Q,69.36113577110248,9.799704900412095,0.14128524268622036
PAIR_3_28_AIm0p01_AJ0p025_R1,60,D_Q_Qij,69.36113577110248,0.01644944472995591,0.00023715650770541653
PAIR_3_28_AIm0p01_AJ0p025_R1,90,D,84.525844488339,9.18775096356312,0.10869753528260391
PAIR_3_28_AIm0p01_AJ0p025_R1,90,D_Q,84.525844488339,50.96101903077038,0.6029045830805139
PAIR_3_28_AIm0p01_AJ0p025_R1,90,D_Q_Qij,84.525844488339,0.07098461770594348,0.0008397977936290996
PAIR_3_28_AIm0p01_AJ0p025_R1,120,D,97.3186267837443,21.24900297352481,0.2183446651044829
PAIR_3_28_AIm0p01_AJ0p025_R1,120,D_Q,97.3186267837443,154.35501846040145,1.5860788788501923
PAIR_3_28_AIm0p01_AJ0p025_R1,120,D_Q_Qij,97.3186267837443,0.22133358942333745,0.0022743188713006796
PAIR_3_28_AIm0p01_AJm0p025_R1,30,D,50.95517536416035,2.5841173631405985,0.05071354076740464
PAIR_3_28_AIm0p01_AJm0p025_R1,30,D_Q,50.95517536416035,0.9475272016886014,0.018595308423863276
PAIR_3_28_AIm0p01_AJm0p025_R1,30,D_Q_Qij,50.95517536416035,0.012089146048289706,0.0002372506023557459
PAIR_3_28_AIm0p01_AJm0p025_R1,45,D,61.19681336214291,7.284232511209558,0.11902960482768653
PAIR_3_28_AIm0p01_AJm0p025_R1,45,D_Q,61.19681336214291,3.182362575120828,0.05200209619230723
PAIR_3_28_AIm0p01_AJm0p025_R1,45,D_Q_Qij,61.19681336214291,0.0441319786151235,0.0007211483113338721
PAIR_3_28_AIm0p01_AJm0p025_R1,60,D,69.36113577110248,21.343138477740865,0.3077103372149931
PAIR_3_28_AIm0p01_AJm0p025_R1,60,D_Q,69.36113577110248,9.859520466452647,0.14214762138540932
PAIR_3_28_AIm0p01_AJm0p025_R1,60,D_Q_Qij,69.36113577110248,0.18889624873018915,0.002723373062309165
PAIR_3_28_AIm0p01_AJm0p025_R1,90,D,84.525844488339,108.6385015619538,1.2852696381748818
PAIR_3_28_AIm0p01_AJm0p025_R1,90,D_Q,84.525844488339,51.21591112354767,0.6059201352387944
PAIR_3_28_AIm0p01_AJm0p025_R1,90,D_Q_Qij,84.525844488339,1.800804488713859,0.021304779616396426
PAIR_3_28_AIm0p01_AJm0p025_R1,120,D,97.3186267837443,327.67758376153694,3.367059262865296
PAIR_3_28_AIm0p01_AJm0p025_R1,120,D_Q,97.3186267837443,154.9916889141883,1.592621002129445
PAIR_3_28_AIm0p01_AJm0p025_R1,120,D_Q_Qij,97.3186267837443,8.612531081547385,0.08849827999202703
PAIR_7_12_AI0p0001_AJ0p0002_R1,30,D,1.7000958156225001,9.533461053613882e-06,5.6076022104219745e-06
PAIR_7_12_AI0p0001_AJ0p0002_R1,30,D_Q,1.7000958156225001,1.2646498128882664e-05,7.438697285571563e-06
PAIR_7_12_AI0p0001_AJ0p0002_R1,30,D_Q_Qij,1.7000958156225001,2.024107372583613e-06,1.1905842917697403e-06
PAIR_7_12_AI0p0001_AJ0p0002_R1,45,D,2.7427713315444575,1.9875221664966956e-05,7.246401271729494e-06
PAIR_7_12_AI0p0001_AJ0p0002_R1,45,D_Q,2.7427713315444575,4.4858891221424374e-05,1.6355315773321972e-05
PAIR_7_12_AI0p0001_AJ0p0002_R1,45,D_Q_Qij,2.7427713315444575,8.977424598429457e-06,3.273121785684649e-06
PAIR_7_12_AI0p0001_AJ0p0002_R1,60,D,4.466793016253371,3.315290516434115e-05,7.422082250891701e-06
PAIR_7_12_AI0p0001_AJ0p0002_R1,60,D_Q,4.466793016253371,0.00012819131553691568,2.869873644703582e-05
PAIR_7_12_AI0p0001_AJ0p0002_R1,60,D_Q_Qij,4.466793016253371,1.6705711115395613e-05,3.739978784467592e-06
PAIR_7_12_AI0p0001_AJ0p0002_R1,90,D,9.822464167961853,7.934027116556527e-05,8.077430450125863e-06
PAIR_7_12_AI0p0001_AJ0p0002_R1,90,D_Q,9.822464167961853,0.0005721934254384629,5.8253551823054624e-05
PAIR_7_12_AI0p0001_AJ0p0002_R1,90,D_Q_Qij,9.822464167961853,5.370350166193705e-05,5.467416398127768e-06
PAIR_7_12_AI0p0001_AJ0p0002_R1,120,D,17.13337143635852,0.000274600290852206,1.6027218686771715e-05
PAIR_7_12_AI0p0001_AJ0p0002_R1,120,D_Q,17.13337143635852,0.0015297511754407682,8.928488949901021e-05
PAIR_7_12_AI0p0001_AJ0p0002_R1,120,D_Q_Qij,17.13337143635852,0.00019131415545813334,1.1166171011278487e-05
PAIR_7_12_AI0p0001_AJm0p0002_R1,30,D,1.3529413861477118,2.3872330614091765e-05,1.764476337150457e-05
PAIR_7_12_AI0p0001_AJm0p0002_R1,30,D_Q,1.3529413861477118,1.3331618427552935e-05,9.85380339758297e-06
PAIR_7_12_AI0p0001_AJm0p0002_R1,30,D_Q_Qij,1.3529413861477118,2.6569985866441638e-06,1.963868216205249e-06
PAIR_7_12_AI0p0001_AJm0p0002_R1,45,D,1.7219150935265088,8.918308790575778e-05,5.179296484538586e-05
PAIR_7_12_AI0p0001_AJm0p0002_R1,45,D_Q,1.7219150935265088,4.7683064107028426e-05,2.7691878819281832e-05
PAIR_7_12_AI0p0001_AJm0p0002_R1,45,D_Q_Qij,1.7219150935265088,7.748299481357637e-06,4.499815066658716e-06
PAIR_7_12_AI0p0001_AJm0p0002_R1,60,D,2.063288503866046,0.000259481489528477,0.00012576112794806868
PAIR_7_12_AI0p0001_AJm0p0002_R1,60,D_Q,2.063288503866046,0.00013250227081728749,6.421897401600116e-05
PAIR_7_12_AI0p0001_AJm0p0002_R1,60,D_Q_Qij,2.063288503866046,1.4256436631336735e-05,6.9095701374887815e-06
PAIR_7_12_AI0p0001_AJm0p0002_R1,90,D,2.754507854099383,0.0012055586357371606,0.00043766752523249984
PAIR_7_12_AI0p0001_AJm0p0002_R1,90,D_Q,2.754507854099383,0.0006054136541285087,0.00021979013536937452
PAIR_7_12_AI0p0001_AJm0p0002_R1,90,D_Q_Qij,2.754507854099383,4.649306456931791e-05,1.6878900708206306e-05
PAIR_7_12_AI0p0001_AJm0p0002_R1,120,D,4.463298878727458,0.0033744522325647973,0.0007560444245954005
PAIR_7_12_AI0p0001_AJm0p0002_R1,120,D_Q,4.463298878727458,0.0016342456911681048,0.00036615197314190365
PAIR_7_12_AI0p0001_AJm0p0002_R1,120,D_Q_Qij,4.463298878727458,0.00019066973693564518,4.271946426092969e-05
PAIR_7_12_AI0p0005_AJ0p001_R1,30,D,8.5004790781125,0.0002344216725336159,2.7577465973325867e-05
PAIR_7_12_AI0p0005_AJ0p001_R1,30,D_Q,8.5004790781125,0.00031856092547019105,3.7475643730532695e-05
PAIR_7_12_AI0p0005_AJ0p001_R1,30,D_Q_Qij,8.5004790781125,4.970220243559017e-06,5.846988384874228e-07
PAIR_7_12_AI0p0005_AJ0p001_R1,45,D,13.713856657722289,0.0004508752623647781,3.287734979429654e-05
PAIR_7_12_AI0p0005_AJ0p001_R1,45,D_Q,13.713856657722289,0.0011357348359486892,8.281658940259928e-05
PAIR_7_12_AI0p0005_AJ0p001_R1,45,D_Q_Qij,13.713856657722289,1.3449718539857267e-05,9.807393263282883e-07
PAIR_7_12_AI0p0005_AJ0p001_R1,60,D,22.33396508126685,0.0007365477214804502,3.297881584395631e-05
PAIR_7_12_AI0p0005_AJ0p001_R1,60,D_Q,22.33396508126685,0.003222144335245073,0.0001442710384618504
PAIR_7_12_AI0p0005_AJ0p001_R1,60,D_Q_Qij,22.33396508126685,2.8697811386003754e-05,1.2849402818344482e-06
PAIR_7_12_AI0p0005_AJ0p001_R1,90,D,49.112320839809264,0.001921701942927464,3.912871373347477e-05
PAIR_7_12_AI0p0005_AJ0p001_R1,90,D_Q,49.112320839809264,0.014651466014201595,0.00029832566988619014
PAIR_7_12_AI0p0005_AJ0p001_R1,90,D_Q_Qij,49.112320839809264,0.0001662185637384036,3.384457523002473e-06
PAIR_7_12_AI0p0005_AJ0p001_R1,120,D,85.6668571817926,0.006083926691342294,7.101844157106951e-05
PAIR_7_12_AI0p0005_AJ0p001_R1,120,D_Q,85.6668571817926,0.039079122655531255,0.00045617551455870415
PAIR_7_12_AI0p0005_AJ0p001_R1,120,D_Q_Qij,85.6668571817926,0.000849988967677515,9.922028140635109e-06
PAIR_7_12_AI0p0005_AJm0p001_R1,30,D,6.764706930738559,0.0005884268473788492,8.698482482737885e-05
PAIR_7_12_AI0p0005_AJm0p001_R1,30,D_Q,6.764706930738559,0.000321456051869401,4.751958291182098e-05
PAIR_7_12_AI0p0005_AJm0p001_R1,30,D_Q_Qij,6.764706930738559,4.65971781717238e-06,6.888277444805195e-07
PAIR_7_12_AI0p0005_AJm0p001_R1,45,D,8.609575467632544,0.002193895097479699,0.0002548203573715784
PAIR_7_12_AI0p0005_AJm0p001_R1,45,D_Q,8.609575467632544,0.0011481742814724895,0.0001333601506588819
PAIR_7_12_AI0p0005_AJm0p001_R1,45,D_Q_Qij,8.609575467632544,1.2191958872129171e-05,1.4160929209534775e-06
PAIR_7_12_AI0p0005_AJm0p001_R1,60,D,10.316442519330227,0.006444330257216169,0.0006246659393624532
PAIR_7_12_AI0p0005_AJm0p001_R1,60,D_Q,10.316442519330227,0.003255712387832013,0.00031558479405392775
PAIR_7_12_AI0p0005_AJm0p001_R1,60,D_Q_Qij,10.316442519330227,2.6368902579905955e-05,2.556007318462518e-06
PAIR_7_12_AI0p0005_AJm0p001_R1,90,D,13.772539270496917,0.029887200427688887,0.00217005737581829
PAIR_7_12_AI0p0005_AJm0p001_R1,90,D_Q,13.772539270496917,0.014827389754255089,0.0010765908495913921
PAIR_7_12_AI0p0005_AJm0p001_R1,90,D_Q_Qij,13.772539270496917,0.00017329799424778715,1.2582864411867783e-05
PAIR_7_12_AI0p0005_AJm0p001_R1,120,D,22.316494393637292,0.08340371502917633,0.003737312570604985
PAIR_7_12_AI0p0005_AJm0p001_R1,120,D_Q,22.316494393637292,0.039620963456941015,0.0017754116196779294
PAIR_7_12_AI0p0005_AJm0p001_R1,120,D_Q_Qij,22.316494393637292,0.0008938301240299883,4.005244319577497e-05
PAIR_7_12_AI0p002_AJ0p004_R1,30,D,34.00191631245,0.0037580856741182317,0.00011052570212762351
PAIR_7_12_AI0p002_AJ0p004_R1,30,D_Q,34.00191631245,0.005117730781726372,0.0001505130103461988
PAIR_7_12_AI0p002_AJ0p004_R1,30,D_Q_Qij,34.00191631245,1.1815998635271669e-05,3.475097852336391e-07
PAIR_7_12_AI0p002_AJ0p004_R1,45,D,54.855426630889156,0.00723472765367431,0.00013188718232665108
PAIR_7_12_AI0p002_AJ0p004_R1,45,D_Q,54.855426630889156,0.01825687053245175,0.00033281794808193664
PAIR_7_12_AI0p002_AJ0p004_R1,45,D_Q_Qij,54.855426630889156,3.645083358793081e-05,6.644891094039054e-07
PAIR_7_12_AI0p002_AJ0p004_R1,60,D,89.3358603250674,0.011858799362441101,0.00013274399909835036
PAIR_7_12_AI0p002_AJ0p004_R1,60,D_Q,89.3358603250674,0.05177659384332316,0.0005795723425612412
PAIR_7_12_AI0p002_AJ0p004_R1,60,D_Q_Qij,89.3358603250674,9.35267815714338e-05,1.046911970524679e-06
PAIR_7_12_AI0p002_AJ0p004_R1,90,D,196.44928335923706,0.03176347663395762,0.00016168792316678156
PAIR_7_12_AI0p002_AJ0p004_R1,90,D_Q,196.44928335923706,0.23558373997645307,0.0011992089558588656
PAIR_7_12_AI0p002_AJ0p004_R1,90,D_Q_Qij,196.44928335923706,0.0006364565934884522,3.239801044855916e-06
PAIR_7_12_AI0p002_AJ0p004_R1,120,D,342.6674287271704,0.09928099147683671,0.0002897298755402971
PAIR_7_12_AI0p002_AJ0p004_R1,120,D_Q,342.6674287271704,0.6286017538210292,0.0018344368361940754
PAIR_7_12_AI0p002_AJ0p004_R1,120,D_Q_Qij,342.6674287271704,0.0033437158564641246,9.757903950440442e-06
PAIR_7_12_AI0p002_AJm0p004_R1,30,D,27.058827722954238,0.009402030164356746,0.0003474662783111229
PAIR_7_12_AI0p002_AJm0p004_R1,30,D_Q,27.058827722954238,0.005129373180711763,0.00018956376208273322
PAIR_7_12_AI0p002_AJm0p004_R1,30,D_Q_Qij,27.058827722954238,1.203222338574733e-05,4.4466905621119315e-07
PAIR_7_12_AI0p002_AJm0p004_R1,45,D,34.438301870530175,0.03503944786517218,0.001017455738581478
PAIR_7_12_AI0p002_AJm0p004_R1,45,D_Q,34.438301870530175,0.0183028566809485,0.000531468036657486
PAIR_7_12_AI0p002_AJm0p004_R1,45,D_Q_Qij,34.438301870530175,3.088787182968862e-05,8.969046135262623e-07
PAIR_7_12_AI0p002_AJm0p004_R1,60,D,41.26577007732091,0.10295028209887584,0.0024948106361755715
PAIR_7_12_AI0p002_AJm0p004_R1,60,D_Q,41.26577007732091,0.05191357921624085,0.0012580300602404565
PAIR_7_12_AI0p002_AJm0p004_R1,60,D_Q_Qij,41.26577007732091,6.529894116999354e-05,1.5823996752669575e-06
PAIR_7_12_AI0p002_AJm0p004_R1,90,D,55.09015708198767,0.4773531739490863,0.008664944869165423
PAIR_7_12_AI0p002_AJm0p004_R1,90,D_Q,55.09015708198767,0.23625641206362877,0.004288541267218049
PAIR_7_12_AI0p002_AJm0p004_R1,90,D_Q_Qij,55.09015708198767,0.0003346309253955661,6.074241627184928e-06
PAIR_7_12_AI0p002_AJm0p004_R1,120,D,89.26597757454917,1.3317341938820546,0.014918720772086726
PAIR_7_12_AI0p002_AJm0p004_R1,120,D_Q,89.26597757454917,0.6306174102585805,0.007064476605680251
PAIR_7_12_AI0p002_AJm0p004_R1,120,D_Q_Qij,89.26597757454917,0.0016563215650761615,1.855490311180325e-05
PAIR_7_12_AI0p01_AJ0p025_R1,30,D,170.00958156225,0.11008698428429167,0.0006475339993939264
PAIR_7_12_AI0p01_AJ0p025_R1,30,D_Q,170.00958156225,0.16004443108204475,0.0009413847714426822
PAIR_7_12_AI0p01_AJ0p025_R1,30,D_Q_Qij,170.00958156225,0.00018163844772955886,1.0684012398621831e-06
PAIR_7_12_AI0p01_AJ0p025_R1,45,D,274.2771331544458,0.18623851984403808,0.0006790158468630593
PAIR_7_12_AI0p01_AJ0p025_R1,45,D_Q,274.2771331544458,0.5711580927890557,0.0020824123623438776
PAIR_7_12_AI0p01_AJ0p025_R1,45,D_Q_Qij,274.2771331544458,0.00036055087243404505,1.3145495152562296e-06
PAIR_7_12_AI0p01_AJ0p025_R1,60,D,446.6793016253371,0.26770627287819476,0.0005993254487147465
PAIR_7_12_AI0p01_AJ0p025_R1,60,D_Q,446.6793016253371,1.6199266871657896,0.0036265989520251865
PAIR_7_12_AI0p01_AJ0p025_R1,60,D_Q_Qij,446.6793016253371,0.0007698051029129513,1.7233955101833747e-06
PAIR_7_12_AI0p01_AJ0p025_R1,90,D,982.2464167961851,0.6867486753313551,0.0006991612935289074
PAIR_7_12_AI0p01_AJ0p025_R1,90,D_Q,982.2464167961851,7.371727417265323,0.007504967481897108
PAIR_7_12_AI0p01_AJ0p025_R1,90,D_Q_Qij,982.2464167961851,0.0035158730757210667,3.579420617474857e-06
PAIR_7_12_AI0p01_AJ0p025_R1,120,D,1720.6994991998372,1.6100910781023634,0.0009357189206198357
PAIR_7_12_AI0p01_AJ0p025_R1,120,D_Q,1720.6994991998372,19.675969647993625,0.011434866841736968
PAIR_7_12_AI0p01_AJ0p025_R1,120,D_Q_Qij,1720.6994991998372,0.01583697841162232,9.203802534368646e-06
PAIR_7_12_AI0p01_AJm0p025_R1,30,D,148.22347623483796,0.3014354004316915,0.002033654911413035
PAIR_7_12_AI0p01_AJm0p025_R1,30,D_Q,148.22347623483796,0.16017496902121633,0.0010806315780061927
PAIR_7_12_AI0p01_AJm0p025_R1,30,D_Q_Qij,148.22347623483796,0.0003649219465719501,2.4619713141377536e-06
PAIR_7_12_AI0p01_AJm0p025_R1,45,D,188.4429655586932,1.1163022332328965,0.0059238201326502074
PAIR_7_12_AI0p01_AJm0p025_R1,45,D_Q,188.4429655586932,0.5716146420759304,0.0030333562220336264
PAIR_7_12_AI0p01_AJm0p025_R1,45,D_Q_Qij,188.4429655586932,0.002215338205880458,1.1756014342655097e-05
PAIR_7_12_AI0p01_AJm0p025_R1,60,D,230.13824198148333,3.2586583985138344,0.014159569354736022
PAIR_7_12_AI0p01_AJm0p025_R1,60,D_Q,230.13824198148333,1.621206456162471,0.0070444896172141246
PAIR_7_12_AI0p01_AJm0p025_R1,60,D_Q_Qij,230.13824198148333,0.010178871560430253,4.422937914529318e-05
PAIR_7_12_AI0p01_AJm0p025_R1,90,D,379.06429832934344,14.732232024042963,0.03886473109963819
PAIR_7_12_AI0p01_AJm0p025_R1,90,D_Q,379.06429832934344,7.375006993448057,0.019455820624501043
PAIR_7_12_AI0p01_AJm0p025_R1,90,D_Q_Qij,379.06429832934344,0.08574360636302529,0.00022619805331423865
PAIR_7_12_AI0p01_AJm0p025_R1,120,D,565.0983228926821,40.01870780679566,0.07081724752242032
PAIR_7_12_AI0p01_AJm0p025_R1,120,D_Q,565.0983228926821,19.679129952918522,0.034824258285147645
PAIR_7_12_AI0p01_AJm0p025_R1,120,D_Q_Qij,565.0983228926821,0.3485955843871285,0.0006168759847006843
PAIR_7_12_AIm0p0001_AJ0p0002_R1,30,D,1.4279344307326998,2.346614374589742e-05,1.643362835214815e-05
PAIR_7_12_AIm0p0001_AJ0p0002_R1,30,D_Q,1.4279344307326998,1.2908232767004004e-05,9.039793767267416e-06
PAIR_7_12_AIm0p0001_AJ0p0002_R1,30,D_Q_Qij,1.4279344307326998,2.8483255548171586e-06,1.9947173298115865e-06
PAIR_7_12_AIm0p0001_AJ0p0002_R1,45,D,2.177941957023903,8.659042120453716e-05,3.97579104095412e-05
PAIR_7_12_AIm0p0001_AJ0p0002_R1,45,D_Q,2.177941957023903,4.5014779772940506e-05,2.0668493771272008e-05
PAIR_7_12_AIm0p0001_AJ0p0002_R1,45,D_Q_Qij,2.177941957023903,7.791970259949887e-06,3.577675812167831e-06
PAIR_7_12_AIm0p0001_AJ0p0002_R1,60,D,2.614011104303496,0.00025587462070404666,9.788582010336353e-05
PAIR_7_12_AIm0p0001_AJ0p0002_R1,60,D_Q,2.614011104303496,0.00012843821363281034,4.91345325279453e-05
PAIR_7_12_AIm0p0001_AJ0p0002_R1,60,D_Q_Qij,2.614011104303496,1.450762392066897e-05,5.549947319192636e-06
PAIR_7_12_AIm0p0001_AJ0p0002_R1,90,D,3.977290657482815,0.0011811818631690583,0.00029698152961157127
PAIR_7_12_AIm0p0001_AJ0p0002_R1,90,D_Q,3.977290657482815,0.0005774033908589435,0.00014517505522826837
PAIR_7_12_AIm0p0001_AJ0p0002_R1,90,D_Q_Qij,3.977290657482815,4.502784406975977e-05,1.1321235470946802e-05
PAIR_7_12_AIm0p0001_AJ0p0002_R1,120,D,5.418217130942671,0.003290456810363418,0.0006072951177190897
PAIR_7_12_AIm0p0001_AJ0p0002_R1,120,D_Q,5.418217130942671,0.001535860953411823,0.0002834624224711739
PAIR_7_12_AIm0p0001_AJ0p0002_R1,120,D_Q_Qij,5.418217130942671,0.00018985988227795432,3.504102506222783e-05
PAIR_7_12_AIm0p0001_AJm0p0002_R1,30,D,1.646588617734412,1.0200012933352825e-05,6.194633452153527e-06
PAIR_7_12_AIm0p0001_AJm0p0002_R1,30,D_Q,1.646588617734412,1.3630796274017616e-05,8.278203873881149e-06
PAIR_7_12_AIm0p0001_AJm0p0002_R1,30,D_Q_Qij,1.646588617734412,3.1585504422011747e-06,1.9182389627757257e-06
PAIR_7_12_AIm0p0001_AJm0p0002_R1,45,D,2.7427713315444575,2.0001149409885984e-05,7.292313865123898e-06
PAIR_7_12_AIm0p0001_AJm0p0002_R1,45,D_Q,2.7427713315444575,4.788272143539461e-05,1.7457788363433053e-05
PAIR_7_12_AIm0p0001_AJm0p0002_R1,45,D_Q_Qij,2.7427713315444575,7.69544194915184e-06,2.8057176552222927e-06
PAIR_7_12_AIm0p0001_AJm0p0002_R1,60,D,4.466793016253371,3.393368823114845e-05,7.596879485499675e-06
PAIR_7_12_AIm0p0001_AJm0p0002_R1,60,D_Q,4.466793016253371,0.00013262992019992344,2.9692425800192986e-05
PAIR_7_12_AIm0p0001_AJm0p0002_R1,60,D_Q_Qij,4.466793016253371,1.4491870468859135e-05,3.2443568385925653e-06
PAIR_7_12_AIm0p0001_AJm0p0002_R1,90,D,9.822464167961853,0.00010942682246607768,1.114046542648611e-05
PAIR_7_12_AIm0p0001_AJm0p0002_R1,90,D_Q,9.822464167961853,0.0006114170392598893,6.224680780757254e-05
PAIR_7_12_AIm0p0001_AJm0p0002_R1,90,D_Q_Qij,9.822464167961853,5.013176649538649e-05,5.103787159529925e-06
PAIR_7_12_AIm0p0001_AJm0p0002_R1,120,D,17.13337143635852,0.0003472414132612859,2.0266963484163375e-05
PAIR_7_12_AIm0p0001_AJm0p0002_R1,120,D_Q,17.13337143635852,0.0016392688725797686,9.567695877421394e-05
PAIR_7_12_AIm0p0001_AJm0p0002_R1,120,D_Q_Qij,17.13337143635852,0.0001844189004841751,1.0763725117919407e-05
PAIR_7_12_AIm0p0005_AJ0p001_R1,30,D,7.1396721536635,0.0005862705838715507,8.211449647176365e-05
PAIR_7_12_AIm0p0005_AJ0p001_R1,30,D_Q,7.1396721536635,0.0003192069536107395,4.47089091404496e-05
PAIR_7_12_AIm0p0005_AJ0p001_R1,30,D_Q_Qij,7.1396721536635,5.184141342477512e-06,7.261035564241464e-07
PAIR_7_12_AIm0p0005_AJ0p001_R1,45,D,10.889709785119514,0.002183820367017156,0.00020053981328329668
PAIR_7_12_AIm0p0005_AJ0p001_R1,45,D_Q,10.889709785119514,0.0011375940536921861,0.0001044650478423839
PAIR_7_12_AIm0p0005_AJ0p001_R1,45,D_Q_Qij,10.889709785119514,1.252103123549191e-05,1.149803941754403e-06
PAIR_7_12_AIm0p0005_AJ0p001_R1,60,D,13.070055521517478,0.006417524247692624,0.0004910097158445374
PAIR_7_12_AIm0p0005_AJ0p001_R1,60,D_Q,13.070055521517478,0.0032267198776851566,0.0002468788194796072
PAIR_7_12_AIm0p0005_AJ0p001_R1,60,D_Q_Qij,13.070055521517478,2.639854611370786e-05,2.0197730660170063e-06
PAIR_7_12_AIm0p0005_AJ0p001_R1,90,D,19.886453287414074,0.02974559592179645,0.0014957717945925594
PAIR_7_12_AIm0p0005_AJ0p001_R1,90,D_Q,19.886453287414074,0.014668382280888093,0.0007376067551558606
PAIR_7_12_AIm0p0005_AJ0p001_R1,90,D_Q_Qij,19.886453287414074,0.00017367412513173802,8.733288064073977e-06
PAIR_7_12_AIm0p0005_AJ0p001_R1,120,D,27.09108565471336,0.08296155131353516,0.0030623191839158114
PAIR_7_12_AIm0p0005_AJ0p001_R1,120,D_Q,27.09108565471336,0.03910782333520891,0.0014435679630434026
PAIR_7_12_AIm0p0005_AJ0p001_R1,120,D_Q_Qij,27.09108565471336,0.0008934893041923754,3.29809338606895e-05
PAIR_7_12_AIm0p0005_AJm0p001_R1,30,D,8.23294308867206,0.00023563641844051204,2.8621164497630364e-05
PAIR_7_12_AIm0p0005_AJm0p001_R1,30,D_Q,8.23294308867206,0.0003220618225240617,3.911867470178382e-05
PAIR_7_12_AIm0p0005_AJm0p001_R1,30,D_Q_Qij,8.23294308867206,6.19090859580984e-06,7.519678599902004e-07
PAIR_7_12_AIm0p0005_AJm0p001_R1,45,D,13.713856657722289,0.00045481056214044914,3.316430771385851e-05
PAIR_7_12_AIm0p0005_AJm0p001_R1,45,D_Q,13.713856657722289,0.0011498299953569358,8.3844393598023e-05
PAIR_7_12_AIm0p0005_AJm0p001_R1,45,D_Q_Qij,13.713856657722289,1.4626676313315469e-05,1.0665618489660362e-06
PAIR_7_12_AIm0p0005_AJm0p001_R1,60,D,22.33396508126685,0.0007503968714225337,3.3598909494666807e-05
PAIR_7_12_AIm0p0005_AJm0p001_R1,60,D_Q,22.33396508126685,0.0032595785090885083,0.0001459471480871329
PAIR_7_12_AIm0p0005_AJm0p001_R1,60,D_Q_Qij,22.33396508126685,2.914707849234926e-05,1.3050561504099904e-06
PAIR_7_12_AIm0p0005_AJm0p001_R1,90,D,49.112320839809264,0.0021040978468348046,4.2842565996784936e-05
PAIR_7_12_AIm0p0005_AJm0p001_R1,90,D_Q,49.112320839809264,0.014844493187525787,0.0003022559906289991
PAIR_7_12_AIm0p0005_AJm0p001_R1,90,D_Q_Qij,49.112320839809264,0.00016711715212307457,3.402754120868453e-06
PAIR_7_12_AIm0p0005_AJm0p001_R1,120,D,85.6668571817926,0.006547814598571344,7.643346346506336e-05
PAIR_7_12_AIm0p0005_AJm0p001_R1,120,D_Q,85.6668571817926,0.039645547392887406,0.0004627874617689788
PAIR_7_12_AIm0p0005_AJm0p001_R1,120,D_Q_Qij,85.6668571817926,0.0008499095168756503,9.921100701430749e-06
PAIR_7_12_AIm0p002_AJ0p004_R1,30,D,28.558688614654,0.009391459058934518,0.0003288476997545183
PAIR_7_12_AIm0p002_AJ0p004_R1,30,D_Q,28.558688614654,0.005118874042098294,0.00017924051454770596
PAIR_7_12_AIm0p002_AJ0p004_R1,30,D_Q_Qij,28.558688614654,1.1045801812044369e-05,3.8677552604346687e-07
PAIR_7_12_AIm0p002_AJ0p004_R1,45,D,43.55883914047806,0.03500027219751346,0.0008035171021118571
PAIR_7_12_AIm0p002_AJ0p004_R1,45,D_Q,43.55883914047806,0.01826491182913413,0.00041931585390118996
PAIR_7_12_AIm0p002_AJ0p004_R1,45,D_Q_Qij,43.55883914047806,2.9359701037684203e-05,6.740239551150256e-07
PAIR_7_12_AIm0p002_AJ0p004_R1,60,D,52.28022208606991,0.10283499023395157,0.0019669960480399717
PAIR_7_12_AIm0p002_AJ0p004_R1,60,D_Q,52.28022208606991,0.05179990691942048,0.0009908126792985178
PAIR_7_12_AIm0p002_AJ0p004_R1,60,D_Q_Qij,52.28022208606991,6.677760108157416e-05,1.2773014041837264e-06
PAIR_7_12_AIm0p002_AJ0p004_R1,90,D,79.5458131496563,0.47676614626844105,0.0059936045329181615
PAIR_7_12_AIm0p002_AJ0p004_R1,90,D_Q,79.5458131496563,0.235658242375899,0.002962547405638247
PAIR_7_12_AIm0p002_AJ0p004_R1,90,D_Q_Qij,79.5458131496563,0.0003330274077136665,4.186611394456598e-06
PAIR_7_12_AIm0p002_AJ0p004_R1,120,D,108.36434261885344,1.3299566454645229,0.0122730098602853
PAIR_7_12_AIm0p002_AJ0p004_R1,120,D_Q,108.36434261885344,0.6287378308989253,0.0058020730408559346
PAIR_7_12_AIm0p002_AJ0p004_R1,120,D_Q_Qij,108.36434261885344,0.0016523455781636961,1.5248056124655693e-05
PAIR_7_12_AIm0p002_AJm0p004_R1,30,D,32.93177235468824,0.003760526780646309,0.0001141914483114952
PAIR_7_12_AIm0p002_AJm0p004_R1,30,D_Q,32.93177235468824,0.005130285771326127,0.00015578529196882924
PAIR_7_12_AIm0p002_AJm0p004_R1,30,D_Q_Qij,32.93177235468824,1.31998063172548e-05,4.008228337997619e-07
PAIR_7_12_AIm0p002_AJm0p004_R1,45,D,54.855426630889156,0.0072510772996011805,0.00013218523207179087
PAIR_7_12_AIm0p002_AJm0p004_R1,45,D_Q,54.855426630889156,0.018311155737702985,0.00033380755309615897
PAIR_7_12_AIm0p002_AJm0p004_R1,45,D_Q_Qij,54.855426630889156,3.693654905997383e-05,6.733435747116187e-07
PAIR_7_12_AIm0p002_AJm0p004_R1,60,D,89.3358603250674,0.011918645749915741,0.00013341390239649824
PAIR_7_12_AIm0p002_AJm0p004_R1,60,D_Q,89.3358603250674,0.05193697579707613,0.0005813676121558854
PAIR_7_12_AIm0p002_AJm0p004_R1,60,D_Q_Qij,89.3358603250674,9.359460054733612e-05,1.0476711166912411e-06
PAIR_7_12_AIm0p002_AJm0p004_R1,90,D,196.44928335923706,0.03249914674738371,0.00016543275797017867
PAIR_7_12_AIm0p002_AJm0p004_R1,90,D_Q,196.44928335923706,0.23633166340986453,0.0012030161646235
PAIR_7_12_AIm0p002_AJm0p004_R1,90,D_Q_Qij,196.44928335923706,0.000637594433043627,3.2455930718652186e-06
PAIR_7_12_AIm0p002_AJm0p004_R1,120,D,342.6674287271704,0.10121388168809578,0.00029537059318433687
PAIR_7_12_AIm0p002_AJm0p004_R1,120,D_Q,342.6674287271704,0.6307614983364488,0.001840739578545287
PAIR_7_12_AIm0p002_AJm0p004_R1,120,D_Q_Qij,342.6674287271704,0.003347557919807233,9.769116172615687e-06
PAIR_7_12_AIm0p01_AJ0p025_R1,30,D,170.00958156225,0.30122468519609513,0.001771810049928274
PAIR_7_12_AIm0p01_AJ0p025_R1,30,D_Q,170.00958156225,0.16008448676759832,0.0009416203798430176
PAIR_7_12_AIm0p01_AJ0p025_R1,30,D_Q_Qij,170.00958156225,0.0003662459664407516,2.154266618829648e-06
PAIR_7_12_AIm0p01_AJ0p025_R1,45,D,274.2771331544458,1.1154438600853291,0.004066849639474762
PAIR_7_12_AIm0p01_AJ0p025_R1,45,D_Q,274.2771331544458,0.5711323317735492,0.0020823184390364176
PAIR_7_12_AIm0p01_AJ0p025_R1,45,D_Q_Qij,274.2771331544458,0.0022122510195162017,8.06575084868807e-06
PAIR_7_12_AIm0p01_AJ0p025_R1,60,D,337.3357560169596,3.2562215616473886,0.00965276139148345
PAIR_7_12_AIm0p01_AJ0p025_R1,60,D_Q,337.3357560169596,1.6198572340449278,0.004801913835554062
PAIR_7_12_AIm0p01_AJ0p025_R1,60,D_Q_Qij,337.3357560169596,0.010175359667965917,3.0163893054533924e-05
PAIR_7_12_AIm0p01_AJ0p025_R1,90,D,429.8028309840677,14.722527218811106,0.03425414203322651
PAIR_7_12_AIm0p01_AJ0p025_R1,90,D_Q,429.8028309840677,7.372531084757043,0.01715328646830233
PAIR_7_12_AIm0p01_AJ0p025_R1,90,D_Q_Qij,429.8028309840677,0.08568451650145531,0.00019935772946230672
PAIR_7_12_AIm0p01_AJ0p025_R1,120,D,565.0983228926821,39.99365511539426,0.07077291419070353
PAIR_7_12_AIm0p01_AJ0p025_R1,120,D_Q,565.0983228926821,19.676943061510446,0.03482038835434183
PAIR_7_12_AIm0p01_AJ0p025_R1,120,D_Q_Qij,565.0983228926821,0.34839866307237033,0.0006165275120424217
PAIR_7_12_AIm0p01_AJm0p025_R1,30,D,170.00958156225,0.1101522597353435,0.0006479179509950773
PAIR_7_12_AIm0p01_AJm0p025_R1,30,D_Q,170.00958156225,0.1602048676558372,0.0009423284628059463
PAIR_7_12_AIm0p01_AJm0p025_R1,30,D_Q_Qij,170.00958156225,0.00018740425335460074,1.102315832040217e-06
PAIR_7_12_AIm0p01_AJm0p025_R1,45,D,274.2771331544458,0.1862728741487328,0.0006791411008508768
PAIR_7_12_AIm0p01_AJm0p025_R1,45,D_Q,274.2771331544458,0.571590030178323,0.0020839871833444458
PAIR_7_12_AIm0p01_AJm0p025_R1,45,D_Q_Qij,274.2771331544458,0.0003639369342397704,1.3268949184868323e-06
PAIR_7_12_AIm0p01_AJm0p025_R1,60,D,446.6793016253371,0.2678411160034076,0.0005996273277691872
PAIR_7_12_AIm0p01_AJm0p025_R1,60,D_Q,446.6793016253371,1.6211228230654735,0.0036292767924698444
PAIR_7_12_AIm0p01_AJm0p025_R1,60,D_Q_Qij,446.6793016253371,0.0007708325810618555,1.7256957693294006e-06
PAIR_7_12_AIm0p01_AJm0p025_R1,90,D,982.2464167961851,0.691525245843659,0.0007040241980207189
PAIR_7_12_AIm0p01_AJm0p025_R1,90,D_Q,982.2464167961851,7.375594528661725,0.007508904489281686
PAIR_7_12_AIm0p01_AJm0p025_R1,90,D_Q_Qij,982.2464167961851,0.003534581798503042,3.5984674905018903e-06
PAIR_7_12_AIm0p01_AJm0p025_R1,120,D,1720.6994991998372,1.6347825317329243,0.0009500685811166527
PAIR_7_12_AIm0p01_AJm0p025_R1,120,D_Q,1720.6994991998372,19.678654587414893,0.011436427218445695
PAIR_7_12_AIm0p01_AJm0p025_R1,120,D_Q_Qij,1720.6994991998372,0.015837687984877127,9.204214909251731e-06
