bank,noise_seed,event
CAL,400000,False
CAL,400001,False
CAL,400002,False
CAL,400003,False
CAL,400004,False
CAL,400005,False
CAL,400006,False
CAL,400007,False
CAL,400008,False
CAL,400009,False
CAL,400010,False
CAL,400011,False
CAL,400012,False
CAL,400013,False
CAL,400014,False
CAL,400015,False
CAL,400016,False
CAL,400017,False
CAL,400018,False
CAL,400019,False
CAL,400020,False
CAL,400021,False
CAL,400022,False
CAL,400023,False
CAL,400024,False
CAL,400025,False
CAL,400026,False
CAL,400027,False
CAL,400028,False
CAL,400029,False
CAL,400030,False
CAL,400031,False
CAL,400032,False
CAL,400033,False
CAL,400034,False
CAL,400035,False
CAL,400036,False
CAL,400037,False
CAL,400038,False
CAL,400039,False
CAL,400040,False
CAL,400041,False
CAL,400042,False
CAL,400043,False
CAL,400044,False
CAL,400045,False
CAL,400046,False
CAL,400047,False
CAL,400048,False
CAL,400049,False
CAL,400050,False
CAL,400051,False
CAL,400052,False
CAL,400053,False
CAL,400054,False
CAL,400055,False
CAL,400056,False
CAL,400057,False
CAL,400058,False
CAL,400059,False
CAL,400060,False
CAL,400061,False
CAL,400062,False
CAL,400063,False
CAL,400064,False
CAL,400065,False
CAL,400066,False
CAL,400067,False
CAL,400068,False
CAL,400069,False
CAL,400070,False
CAL,400071,False
CAL,400072,False
CAL,400073,False
CAL,400074,False
CAL,400075,False
CAL,400076,False
CAL,400077,False
CAL,400078,False
CAL,400079,False
CAL,400080,False
CAL,400081,False
CAL,400082,False
CAL,400083,False
CAL,400084,False
CAL,400085,False
CAL,400086,False
CAL,400087,False
CAL,400088,False
CAL,400089,False
CAL,400090,False
CAL,400091,False
CAL,400092,False
CAL,400093,False
CAL,400094,False
CAL,400095,False
CAL,400096,False
CAL,400097,False
CAL,400098,False
CAL,400099,False
CAL,400100,False
CAL,400101,False
CAL,400102,False
CAL,400103,False
CAL,400104,False
CAL,400105,False
CAL,400106,False
CAL,400107,False
CAL,400108,False
CAL,400109,False
CAL,400110,False
CAL,400111,False
CAL,400112,False
CAL,400113,False
CAL,400114,False
CAL,400115,False
CAL,400116,False
CAL,400117,False
CAL,400118,False
CAL,400119,False
CAL,400120,False
CAL,400121,False
CAL,400122,False
CAL,400123,False
CAL,400124,False
CAL,400125,False
CAL,400126,False
CAL,400127,False
CAL,400128,False
CAL,400129,False
CAL,400130,False
CAL,400131,False
CAL,400132,False
CAL,400133,False
CAL,400134,False
CAL,400135,False
CAL,400136,False
CAL,400137,False
CAL,400138,False
CAL,400139,False
CAL,400140,False
CAL,400141,False
CAL,400142,False
CAL,400143,False
CAL,400144,False
CAL,400145,False
CAL,400146,False
CAL,400147,False
CAL,400148,False
CAL,400149,False
CAL,400150,False
CAL,400151,False
CAL,400152,False
CAL,400153,False
CAL,400154,False
CAL,400155,False
CAL,400156,False
CAL,400157,False
CAL,400158,False
CAL,400159,False
CAL,400160,False
CAL,400161,False
CAL,400162,False
CAL,400163,False
CAL,400164,False
CAL,400165,False
CAL,400166,False
CAL,400167,False
CAL,400168,False
CAL,400169,False
CAL,400170,False
CAL,400171,False
CAL,400172,False
CAL,400173,False
CAL,400174,False
CAL,400175,False
CAL,400176,False
CAL,400177,False
CAL,400178,False
CAL,400179,False
CAL,400180,False
CAL,400181,False
CAL,400182,False
CAL,400183,False
CAL,400184,False
CAL,400185,False
CAL,400186,False
CAL,400187,False
CAL,400188,False
CAL,400189,False
CAL,400190,False
CAL,400191,False
CAL,400192,False
CAL,400193,False
CAL,400194,False
CAL,400195,False
CAL,400196,False
CAL,400197,False
CAL,400198,False
CAL,400199,False
CAL,400200,False
CAL,400201,False
CAL,400202,False
CAL,400203,False
CAL,400204,False
CAL,400205,False
CAL,400206,False
CAL,400207,False
CAL,400208,False
CAL,400209,False
CAL,400210,False
CAL,400211,False
CAL,400212,False
CAL,400213,False
CAL,400214,False
CAL,400215,False
CAL,400216,False
CAL,400217,False
CAL,400218,False
CAL,400219,False
CAL,400220,False
CAL,400221,False
CAL,400222,False
CAL,400223,False
CAL,400224,False
CAL,400225,False
CAL,400226,False
CAL,400227,False
CAL,400228,False
CAL,400229,False
CAL,400230,False
CAL,400231,False
CAL,400232,False
CAL,400233,False
CAL,400234,False
CAL,400235,False
CAL,400236,False
CAL,400237,False
CAL,400238,False
CAL,400239,False
CAL,400240,False
CAL,400241,False
CAL,400242,False
CAL,400243,False
CAL,400244,False
CAL,400245,False
CAL,400246,False
CAL,400247,False
CAL,400248,False
CAL,400249,False
CAL,400250,False
CAL,400251,False
CAL,400252,False
CAL,400253,False
CAL,400254,False
CAL,400255,False
CAL,400256,False
CAL,400257,False
CAL,400258,False
CAL,400259,False
CAL,400260,False
CAL,400261,False
CAL,400262,False
CAL,400263,False
CAL,400264,False
CAL,400265,False
CAL,400266,False
CAL,400267,False
CAL,400268,False
CAL,400269,False
CAL,400270,False
CAL,400271,False
CAL,400272,False
CAL,400273,False
CAL,400274,False
CAL,400275,False
CAL,400276,False
CAL,400277,False
CAL,400278,False
CAL,400279,False
CAL,400280,False
CAL,400281,False
CAL,400282,False
CAL,400283,False
CAL,400284,False
CAL,400285,False
CAL,400286,False
CAL,400287,False
CAL,400288,False
CAL,400289,False
CAL,400290,False
CAL,400291,False
CAL,400292,False
CAL,400293,False
CAL,400294,False
CAL,400295,False
CAL,400296,False
CAL,400297,False
CAL,400298,False
CAL,400299,False
CAL,400300,False
CAL,400301,False
CAL,400302,False
CAL,400303,False
CAL,400304,False
CAL,400305,False
CAL,400306,False
CAL,400307,False
CAL,400308,False
CAL,400309,False
CAL,400310,False
CAL,400311,False
CAL,400312,False
CAL,400313,False
CAL,400314,False
CAL,400315,False
CAL,400316,False
CAL,400317,False
CAL,400318,False
CAL,400319,False
CAL,400320,False
CAL,400321,False
CAL,400322,False
CAL,400323,False
CAL,400324,False
CAL,400325,False
CAL,400326,False
CAL,400327,False
CAL,400328,False
CAL,400329,False
CAL,400330,False
CAL,400331,False
CAL,400332,False
CAL,400333,False
CAL,400334,False
CAL,400335,False
CAL,400336,False
CAL,400337,False
CAL,400338,False
CAL,400339,False
CAL,400340,False
CAL,400341,False
CAL,400342,False
CAL,400343,False
CAL,400344,False
CAL,400345,False
CAL,400346,False
CAL,400347,False
CAL,400348,False
CAL,400349,False
CAL,400350,False
CAL,400351,False
CAL,400352,False
CAL,400353,False
CAL,400354,False
CAL,400355,False
CAL,400356,False
CAL,400357,False
CAL,400358,False
CAL,400359,False
CAL,400360,False
CAL,400361,False
CAL,400362,False
CAL,400363,False
CAL,400364,False
CAL,400365,False
CAL,400366,False
CAL,400367,False
CAL,400368,False
CAL,400369,False
CAL,400370,False
CAL,400371,False
CAL,400372,False
CAL,400373,False
CAL,400374,False
CAL,400375,False
CAL,400376,False
CAL,400377,False
CAL,400378,False
CAL,400379,False
CAL,400380,False
CAL,400381,False
CAL,400382,False
CAL,400383,False
CAL,400384,False
CAL,400385,False
CAL,400386,False
CAL,400387,False
CAL,400388,False
CAL,400389,False
CAL,400390,False
CAL,400391,False
CAL,400392,False
CAL,400393,False
CAL,400394,False
CAL,400395,False
CAL,400396,False
CAL,400397,False
CAL,400398,False
CAL,400399,False
CAL,400400,False
CAL,400401,False
CAL,400402,False
CAL,400403,False
CAL,400404,False
CAL,400405,False
CAL,400406,False
CAL,400407,False
CAL,400408,False
CAL,400409,False
CAL,400410,False
CAL,400411,False
CAL,400412,False
CAL,400413,False
CAL,400414,False
CAL,400415,False
CAL,400416,False
CAL,400417,False
CAL,400418,False
CAL,400419,False
CAL,400420,False
CAL,400421,False
CAL,400422,False
CAL,400423,False
CAL,400424,False
CAL,400425,False
CAL,400426,False
CAL,400427,False
CAL,400428,False
CAL,400429,False
CAL,400430,False
CAL,400431,False
CAL,400432,False
CAL,400433,False
CAL,400434,False
CAL,400435,False
CAL,400436,False
CAL,400437,False
CAL,400438,False
CAL,400439,False
CAL,400440,False
CAL,400441,False
CAL,400442,False
CAL,400443,False
CAL,400444,False
CAL,400445,False
CAL,400446,False
CAL,400447,False
CAL,400448,False
CAL,400449,False
CAL,400450,False
CAL,400451,False
CAL,400452,False
CAL,400453,False
CAL,400454,False
CAL,400455,False
CAL,400456,False
CAL,400457,False
CAL,400458,False
CAL,400459,False
CAL,400460,False
CAL,400461,False
CAL,400462,False
CAL,400463,False
CAL,400464,False
CAL,400465,False
CAL,400466,False
CAL,400467,False
CAL,400468,False
CAL,400469,False
CAL,400470,False
CAL,400471,False
CAL,400472,False
CAL,400473,False
CAL,400474,False
CAL,400475,False
CAL,400476,False
CAL,400477,False
CAL,400478,False
CAL,400479,False
CAL,400480,False
CAL,400481,False
CAL,400482,False
CAL,400483,False
CAL,400484,False
CAL,400485,False
CAL,400486,False
CAL,400487,False
CAL,400488,False
CAL,400489,False
CAL,400490,False
CAL,400491,False
CAL,400492,False
CAL,400493,False
CAL,400494,False
CAL,400495,False
CAL,400496,False
CAL,400497,False
CAL,400498,False
CAL,400499,False
CAL,400500,False
CAL,400501,False
CAL,400502,False
CAL,400503,False
CAL,400504,False
CAL,400505,False
CAL,400506,False
CAL,400507,False
CAL,400508,False
CAL,400509,False
CAL,400510,False
CAL,400511,False
CAL,400512,False
CAL,400513,False
CAL,400514,False
CAL,400515,False
CAL,400516,False
CAL,400517,False
CAL,400518,False
CAL,400519,False
CAL,400520,False
CAL,400521,False
CAL,400522,False
CAL,400523,False
CAL,400524,False
CAL,400525,False
CAL,400526,False
CAL,400527,False
CAL,400528,False
CAL,400529,False
CAL,400530,False
CAL,400531,False
CAL,400532,False
CAL,400533,False
CAL,400534,False
CAL,400535,False
CAL,400536,False
CAL,400537,False
CAL,400538,False
CAL,400539,False
CAL,400540,False
CAL,400541,False
CAL,400542,False
CAL,400543,False
CAL,400544,False
CAL,400545,False
CAL,400546,False
CAL,400547,False
CAL,400548,False
CAL,400549,False
CAL,400550,False
CAL,400551,False
CAL,400552,False
CAL,400553,False
CAL,400554,False
CAL,400555,False
CAL,400556,False
CAL,400557,False
CAL,400558,False
CAL,400559,False
CAL,400560,False
CAL,400561,False
CAL,400562,False
CAL,400563,False
CAL,400564,False
CAL,400565,False
CAL,400566,False
CAL,400567,False
CAL,400568,False
CAL,400569,False
CAL,400570,False
CAL,400571,False
CAL,400572,False
CAL,400573,False
CAL,400574,False
CAL,400575,False
CAL,400576,False
CAL,400577,False
CAL,400578,False
CAL,400579,False
CAL,400580,False
CAL,400581,False
CAL,400582,False
CAL,400583,False
CAL,400584,False
CAL,400585,False
CAL,400586,False
CAL,400587,False
CAL,400588,False
CAL,400589,False
CAL,400590,False
CAL,400591,False
CAL,400592,False
CAL,400593,False
CAL,400594,False
CAL,400595,False
CAL,400596,False
CAL,400597,False
CAL,400598,False
CAL,400599,False
CAL,400600,False
CAL,400601,False
CAL,400602,False
CAL,400603,False
CAL,400604,False
CAL,400605,False
CAL,400606,False
CAL,400607,False
CAL,400608,False
CAL,400609,False
CAL,400610,False
CAL,400611,False
CAL,400612,False
CAL,400613,False
CAL,400614,False
CAL,400615,False
CAL,400616,False
CAL,400617,False
CAL,400618,False
CAL,400619,False
CAL,400620,False
CAL,400621,False
CAL,400622,False
CAL,400623,False
CAL,400624,False
CAL,400625,False
CAL,400626,False
CAL,400627,False
CAL,400628,False
CAL,400629,False
CAL,400630,False
CAL,400631,False
CAL,400632,False
CAL,400633,False
CAL,400634,False
CAL,400635,False
CAL,400636,False
CAL,400637,False
CAL,400638,False
CAL,400639,False
CAL,400640,False
CAL,400641,False
CAL,400642,False
CAL,400643,False
CAL,400644,False
CAL,400645,False
CAL,400646,False
CAL,400647,False
CAL,400648,False
CAL,400649,False
CAL,400650,False
CAL,400651,False
CAL,400652,False
CAL,400653,False
CAL,400654,False
CAL,400655,False
CAL,400656,False
CAL,400657,False
CAL,400658,False
CAL,400659,False
CAL,400660,False
CAL,400661,False
CAL,400662,False
CAL,400663,False
CAL,400664,False
CAL,400665,False
CAL,400666,False
CAL,400667,False
CAL,400668,False
CAL,400669,False
CAL,400670,False
CAL,400671,False
CAL,400672,False
CAL,400673,False
CAL,400674,False
CAL,400675,False
CAL,400676,False
CAL,400677,False
CAL,400678,False
CAL,400679,False
CAL,400680,False
CAL,400681,False
CAL,400682,False
CAL,400683,False
CAL,400684,False
CAL,400685,False
CAL,400686,False
CAL,400687,False
CAL,400688,False
CAL,400689,False
CAL,400690,False
CAL,400691,False
CAL,400692,False
CAL,400693,False
CAL,400694,False
CAL,400695,False
CAL,400696,False
CAL,400697,False
CAL,400698,False
CAL,400699,False
CAL,400700,False
CAL,400701,False
CAL,400702,False
CAL,400703,False
CAL,400704,False
CAL,400705,False
CAL,400706,False
CAL,400707,False
CAL,400708,False
CAL,400709,False
CAL,400710,False
CAL,400711,False
CAL,400712,False
CAL,400713,False
CAL,400714,False
CAL,400715,False
CAL,400716,False
CAL,400717,False
CAL,400718,False
CAL,400719,False
CAL,400720,False
CAL,400721,False
CAL,400722,False
CAL,400723,False
CAL,400724,False
CAL,400725,False
CAL,400726,False
CAL,400727,False
CAL,400728,False
CAL,400729,False
CAL,400730,False
CAL,400731,False
CAL,400732,False
CAL,400733,False
CAL,400734,False
CAL,400735,False
CAL,400736,False
CAL,400737,False
CAL,400738,False
CAL,400739,False
CAL,400740,False
CAL,400741,False
CAL,400742,False
CAL,400743,False
CAL,400744,False
CAL,400745,False
CAL,400746,False
CAL,400747,False
CAL,400748,False
CAL,400749,False
CAL,400750,False
CAL,400751,False
CAL,400752,False
CAL,400753,False
CAL,400754,False
CAL,400755,False
CAL,400756,False
CAL,400757,False
CAL,400758,False
CAL,400759,False
CAL,400760,False
CAL,400761,False
CAL,400762,False
CAL,400763,False
CAL,400764,False
CAL,400765,False
CAL,400766,False
CAL,400767,False
CAL,400768,False
CAL,400769,False
CAL,400770,False
CAL,400771,False
CAL,400772,False
CAL,400773,False
CAL,400774,False
CAL,400775,False
CAL,400776,False
CAL,400777,False
CAL,400778,False
CAL,400779,False
CAL,400780,False
CAL,400781,False
CAL,400782,False
CAL,400783,False
CAL,400784,False
CAL,400785,False
CAL,400786,False
CAL,400787,False
CAL,400788,False
CAL,400789,False
CAL,400790,False
CAL,400791,False
CAL,400792,False
CAL,400793,False
CAL,400794,False
CAL,400795,False
CAL,400796,False
CAL,400797,False
CAL,400798,False
CAL,400799,False
CAL,400800,False
CAL,400801,False
CAL,400802,False
CAL,400803,False
CAL,400804,False
CAL,400805,False
CAL,400806,False
CAL,400807,False
CAL,400808,False
CAL,400809,False
CAL,400810,False
CAL,400811,False
CAL,400812,False
CAL,400813,False
CAL,400814,False
CAL,400815,False
CAL,400816,False
CAL,400817,False
CAL,400818,False
CAL,400819,False
CAL,400820,False
CAL,400821,False
CAL,400822,False
CAL,400823,False
CAL,400824,False
CAL,400825,False
CAL,400826,False
CAL,400827,False
CAL,400828,False
CAL,400829,False
CAL,400830,False
CAL,400831,False
CAL,400832,False
CAL,400833,False
CAL,400834,False
CAL,400835,False
CAL,400836,False
CAL,400837,False
CAL,400838,False
CAL,400839,False
CAL,400840,False
CAL,400841,False
CAL,400842,False
CAL,400843,False
CAL,400844,False
CAL,400845,False
CAL,400846,False
CAL,400847,False
CAL,400848,False
CAL,400849,False
CAL,400850,False
CAL,400851,False
CAL,400852,False
CAL,400853,False
CAL,400854,False
CAL,400855,False
CAL,400856,False
CAL,400857,False
CAL,400858,False
CAL,400859,False
CAL,400860,False
CAL,400861,False
CAL,400862,False
CAL,400863,False
CAL,400864,False
CAL,400865,False
CAL,400866,False
CAL,400867,False
CAL,400868,False
CAL,400869,False
CAL,400870,False
CAL,400871,False
CAL,400872,False
CAL,400873,False
CAL,400874,False
CAL,400875,False
CAL,400876,False
CAL,400877,False
CAL,400878,False
CAL,400879,False
CAL,400880,False
CAL,400881,False
CAL,400882,False
CAL,400883,False
CAL,400884,False
CAL,400885,False
CAL,400886,False
CAL,400887,False
CAL,400888,False
CAL,400889,False
CAL,400890,False
CAL,400891,False
CAL,400892,False
CAL,400893,False
CAL,400894,False
CAL,400895,False
CAL,400896,False
CAL,400897,False
CAL,400898,False
CAL,400899,False
CAL,400900,False
CAL,400901,False
CAL,400902,False
CAL,400903,False
CAL,400904,False
CAL,400905,False
CAL,400906,False
CAL,400907,False
CAL,400908,False
CAL,400909,False
CAL,400910,False
CAL,400911,False
CAL,400912,False
CAL,400913,False
CAL,400914,False
CAL,400915,False
CAL,400916,False
CAL,400917,False
CAL,400918,False
CAL,400919,False
CAL,400920,False
CAL,400921,False
CAL,400922,False
CAL,400923,False
CAL,400924,False
CAL,400925,False
CAL,400926,False
CAL,400927,False
CAL,400928,False
CAL,400929,False
CAL,400930,False
CAL,400931,False
CAL,400932,False
CAL,400933,False
CAL,400934,False
CAL,400935,False
CAL,400936,False
CAL,400937,False
CAL,400938,False
CAL,400939,False
CAL,400940,False
CAL,400941,False
CAL,400942,False
CAL,400943,False
CAL,400944,False
CAL,400945,False
CAL,400946,False
CAL,400947,False
CAL,400948,False
CAL,400949,False
CAL,400950,False
CAL,400951,False
CAL,400952,False
CAL,400953,False
CAL,400954,False
CAL,400955,False
CAL,400956,False
CAL,400957,False
CAL,400958,False
CAL,400959,False
CAL,400960,False
CAL,400961,False
CAL,400962,False
CAL,400963,False
CAL,400964,False
CAL,400965,False
CAL,400966,False
CAL,400967,False
CAL,400968,False
CAL,400969,False
CAL,400970,False
CAL,400971,False
CAL,400972,False
CAL,400973,False
CAL,400974,False
CAL,400975,False
CAL,400976,False
CAL,400977,False
CAL,400978,False
CAL,400979,False
CAL,400980,False
CAL,400981,False
CAL,400982,False
CAL,400983,False
CAL,400984,False
CAL,400985,False
CAL,400986,False
CAL,400987,False
CAL,400988,False
CAL,400989,False
CAL,400990,False
CAL,400991,False
CAL,400992,False
CAL,400993,False
CAL,400994,False
CAL,400995,False
CAL,400996,False
CAL,400997,False
CAL,400998,False
CAL,400999,False
